RecordedAtTime,ResponseTimestamp,Latency,OperatorRef
2024-02-22 19:50:36+00:00,2024-02-23 13:32:19.608194+00:00,120.0,SWWD
2024-02-23 13:19:20+00:00,2024-02-23 13:32:19.608194+00:00,120.0,SCGL
2024-02-23 13:25:15+00:00,2024-02-23 13:32:19.608194+00:00,120.0,SCGL
2024-02-23 13:20:27+00:00,2024-02-23 13:32:19.608194+00:00,120.0,SCGL
2024-02-23 08:59:16+00:00,2024-02-23 13:32:19.608194+00:00,120.0,SWWD
2024-02-23 13:19:21+00:00,2024-02-23 13:32:19.608194+00:00,120.0,SCGL
2024-02-23 12:49:28+00:00,2024-02-23 13:32:19.608194+00:00,120.0,FSRV
2024-02-23 13:24:33+00:00,2024-02-23 13:32:19.608194+00:00,120.0,SCGL
2024-02-22 18:04:02+00:00,2024-02-23 13:32:19.608194+00:00,120.0,FSRV
2024-02-23 10:12:56+00:00,2024-02-23 13:32:19.608194+00:00,120.0,FBRI
2024-02-23 09:16:37+00:00,2024-02-23 13:32:19.608194+00:00,120.0,FBRI
2024-02-23 11:21:52+00:00,2024-02-23 13:32:19.608194+00:00,120.0,SWWD
2024-02-23 08:11:23+00:00,2024-02-23 13:32:19.608194+00:00,120.0,FBRI
2024-02-23 08:33:37+00:00,2024-02-23 13:32:19.608194+00:00,120.0,TDTR
2024-02-23 13:19:36+00:00,2024-02-23 13:32:19.608194+00:00,120.0,SCGL
2024-02-23 11:10:44+00:00,2024-02-23 13:32:19.608194+00:00,120.0,FRMN
2024-02-23 09:27:23+00:00,2024-02-23 13:32:19.608194+00:00,120.0,TDTR
2024-02-23 09:27:00+00:00,2024-02-23 13:32:19.608194+00:00,120.0,SWWD
2024-02-23 11:02:57+00:00,2024-02-23 13:32:19.608194+00:00,120.0,SCGL
2024-02-23 11:24:08+00:00,2024-02-23 13:32:19.608194+00:00,120.0,SWWD
2024-02-23 13:16:12+00:00,2024-02-23 13:32:19.608194+00:00,120.0,SCGL
2024-02-23 10:28:44+00:00,2024-02-23 13:32:19.608194+00:00,120.0,SCGL
2024-02-22 18:45:21+00:00,2024-02-23 13:32:19.608194+00:00,120.0,SWWD
2024-02-23 13:26:22+00:00,2024-02-23 13:32:19.608194+00:00,120.0,FSRV
2024-02-23 13:13:57+00:00,2024-02-23 13:32:19.608194+00:00,120.0,SCGL
2024-02-22 21:19:15+00:00,2024-02-23 13:32:19.608194+00:00,120.0,SCGL
2024-02-23 08:48:41+00:00,2024-02-23 13:32:19.608194+00:00,120.0,NAKL
2024-02-23 09:32:40+00:00,2024-02-23 13:32:19.608194+00:00,120.0,SWWD
2024-02-23 13:29:36+00:00,2024-02-23 13:32:19.608194+00:00,120.0,SCGL
2024-02-22 18:38:32+00:00,2024-02-23 13:32:19.608194+00:00,120.0,COAC
2024-02-23 13:29:48+00:00,2024-02-23 13:32:19.608194+00:00,120.0,LTRV
2024-02-23 00:29:20+00:00,2024-02-23 13:32:19.608194+00:00,120.0,FSRV
2024-02-22 21:02:48+00:00,2024-02-23 13:32:19.608194+00:00,120.0,NATX
2024-02-23 13:28:12+00:00,2024-02-23 13:32:19.608194+00:00,120.0,SWWD
2024-02-23 09:50:50+00:00,2024-02-23 13:32:19.608194+00:00,120.0,SWWD
2024-02-22 08:15:33+00:00,2024-02-23 13:32:19.608194+00:00,120.0,SWWD
2024-02-22 17:54:19+00:00,2024-02-23 13:32:19.608194+00:00,120.0,LTRV
2024-02-23 13:27:03+00:00,2024-02-23 13:32:19.608194+00:00,120.0,SCGL
2024-02-23 13:22:34+00:00,2024-02-23 13:32:19.608194+00:00,120.0,PULH
2024-02-22 18:34:42+00:00,2024-02-23 13:32:19.608194+00:00,120.0,SCGL
2024-02-22 16:38:42+00:00,2024-02-23 13:32:19.608194+00:00,120.0,BZCO
2024-02-23 12:26:25+00:00,2024-02-23 13:32:19.608194+00:00,120.0,COAC
2024-02-23 13:30:02+00:00,2024-02-23 13:32:19.608194+00:00,120.0,COAC
2024-02-23 08:47:54+00:00,2024-02-23 13:32:19.608194+00:00,120.0,BZCO
2024-02-23 13:04:37+00:00,2024-02-23 13:32:19.608194+00:00,120.0,FSRV
2024-02-23 12:10:54+00:00,2024-02-23 13:32:19.608194+00:00,120.0,TDTR
2024-02-23 13:08:23+00:00,2024-02-23 13:32:19.608194+00:00,120.0,SWWD
2024-02-23 08:48:42+00:00,2024-02-23 13:32:19.608194+00:00,120.0,BZCO
2024-02-23 08:28:19+00:00,2024-02-23 13:32:19.608194+00:00,120.0,TDTR
2024-02-23 13:02:21+00:00,2024-02-23 13:32:19.608194+00:00,120.0,FSRV
2024-02-23 11:16:31+00:00,2024-02-23 13:32:19.608194+00:00,120.0,FBRI
2024-02-23 12:49:03+00:00,2024-02-23 13:32:19.608194+00:00,120.0,SCSO
2024-02-23 09:34:32+00:00,2024-02-23 13:32:19.608194+00:00,120.0,FBRI
2024-02-23 13:09:30+00:00,2024-02-23 13:32:19.608194+00:00,120.0,SWWD
2024-02-22 16:54:50+00:00,2024-02-23 13:32:19.608194+00:00,120.0,SCGL
2024-02-23 10:14:59+00:00,2024-02-23 13:32:19.608194+00:00,120.0,SWWD
2024-02-22 20:10:45+00:00,2024-02-23 13:32:19.608194+00:00,120.0,TDTR
2024-02-23 13:21:56+00:00,2024-02-23 13:32:19.608194+00:00,120.0,SCGL
2024-02-23 13:19:14+00:00,2024-02-23 13:32:19.608194+00:00,120.0,SCGL
2024-02-23 13:29:28+00:00,2024-02-23 13:32:19.608194+00:00,120.0,FBRI
2024-02-22 19:21:21+00:00,2024-02-23 13:32:19.608194+00:00,120.0,LEMB
2024-02-23 08:34:32+00:00,2024-02-23 13:32:19.608194+00:00,120.0,COAC
2024-02-23 13:29:41+00:00,2024-02-23 13:32:19.608194+00:00,120.0,SCGL
2024-02-23 11:08:37+00:00,2024-02-23 13:32:19.608194+00:00,120.0,SWWD
2024-02-23 06:40:58+00:00,2024-02-23 13:32:19.608194+00:00,120.0,FSRV
2024-02-23 10:46:06+00:00,2024-02-23 13:32:19.608194+00:00,120.0,FSRV
2024-02-23 08:32:37+00:00,2024-02-23 13:32:19.608194+00:00,120.0,SWWD
2024-02-23 13:21:35+00:00,2024-02-23 13:32:19.608194+00:00,120.0,FSRV
2024-02-23 09:23:24+00:00,2024-02-23 13:32:19.608194+00:00,120.0,TDTR
2024-02-22 19:52:03+00:00,2024-02-23 13:32:19.608194+00:00,120.0,SWWD
2024-02-23 10:08:33+00:00,2024-02-23 13:32:19.608194+00:00,120.0,FBRI
2024-02-23 12:21:18+00:00,2024-02-23 13:32:19.608194+00:00,120.0,ABUS
2024-02-23 13:30:47+00:00,2024-02-23 13:32:51.003836+00:00,120.0,COAC
2024-02-23 13:24:37+00:00,2024-02-23 13:33:43.438217+00:00,120.0,SCGL
2024-02-23 13:30:23+00:00,2024-02-23 13:33:53.891354+00:00,120.0,SCGL
2024-02-23 13:32:44+00:00,2024-02-23 13:36:30.983514+00:00,120.0,SCGL
2024-02-23 13:34:30+00:00,2024-02-23 13:36:41.573311+00:00,120.0,TDTR
2024-02-23 13:35:15+00:00,2024-02-23 13:37:23.408111+00:00,120.0,SCGL
2024-02-23 13:34:49+00:00,2024-02-23 13:38:57.544617+00:00,120.0,LTRV
2024-02-23 13:40:31+00:00,2024-02-23 13:43:40.496451+00:00,120.0,FSRV
2024-02-23 13:37:21+00:00,2024-02-23 13:44:53.790415+00:00,120.0,SWWD
2024-02-23 13:39:06+00:00,2024-02-23 13:45:04.265008+00:00,120.0,SWWD
2024-02-23 13:39:39+00:00,2024-02-23 13:45:14.729445+00:00,120.0,SWWD
2024-02-23 13:40:45+00:00,2024-02-23 13:45:25.204448+00:00,120.0,SWWD
2024-02-23 13:38:31+00:00,2024-02-23 13:46:17.605824+00:00,120.0,SCGL
2024-02-23 13:43:56+00:00,2024-02-23 13:46:28.116561+00:00,120.0,SCGL
2024-02-23 13:42:49+00:00,2024-02-23 13:47:10.256722+00:00,120.0,FBRI
2024-02-23 13:43:42+00:00,2024-02-23 13:47:20.759876+00:00,120.0,TDTR
2024-02-23 13:45:28+00:00,2024-02-23 13:47:31.236111+00:00,120.0,TDTR
2024-02-23 13:33:04+00:00,2024-02-23 13:48:13.195859+00:00,120.0,BZCO
2024-02-23 13:43:41+00:00,2024-02-23 13:48:23.716233+00:00,120.0,FSRV
2024-02-23 13:39:28+00:00,2024-02-23 13:48:34.248437+00:00,120.0,BZCO
2024-02-23 13:41:38+00:00,2024-02-23 13:48:44.709101+00:00,120.0,BZCO
2024-02-23 13:46:43+00:00,2024-02-23 13:49:58.152933+00:00,120.0,SWWD
2024-02-23 13:48:49+00:00,2024-02-23 13:51:53.721385+00:00,120.0,NATX
2024-02-23 13:42:22+00:00,2024-02-23 13:53:28.085454+00:00,120.0,SWWD
2024-02-23 13:48:32+00:00,2024-02-23 13:53:38.614253+00:00,120.0,FBRI
2024-02-23 13:51:34+00:00,2024-02-23 13:53:38.614253+00:00,120.0,FSRV
2024-02-23 13:50:27+00:00,2024-02-23 13:53:49.115875+00:00,120.0,SWCO
2024-02-23 13:51:47+00:00,2024-02-23 13:53:49.115875+00:00,120.0,FSRV
2024-02-23 13:47:01+00:00,2024-02-23 13:53:49.115875+00:00,120.0,SWWD
2024-02-23 13:50:53+00:00,2024-02-23 13:54:20.589939+00:00,120.0,NATX
2024-02-23 13:50:32+00:00,2024-02-23 13:54:20.589939+00:00,120.0,SWWD
2024-02-23 13:51:20+00:00,2024-02-23 13:54:31.086624+00:00,120.0,FRMN
2024-02-23 13:50:54+00:00,2024-02-23 13:54:41.581740+00:00,120.0,SWCO
2024-02-23 13:52:20+00:00,2024-02-23 13:54:52.049567+00:00,120.0,SWCO
2024-02-23 13:47:22+00:00,2024-02-23 13:55:34.079073+00:00,120.0,SCSO
2024-02-23 13:53:07+00:00,2024-02-23 13:55:44.568869+00:00,120.0,SCSO
2024-02-23 13:44:05+00:00,2024-02-23 13:57:51.350461+00:00,120.0,SWWD
2024-02-23 13:44:12+00:00,2024-02-23 13:58:01.829243+00:00,120.0,SWWD
2024-02-23 13:44:19+00:00,2024-02-23 13:58:12.470008+00:00,120.0,SWWD
2024-02-23 13:44:29+00:00,2024-02-23 13:58:23.096829+00:00,120.0,SWWD
2024-02-23 13:39:50+00:00,2024-02-23 13:58:44.279278+00:00,120.0,SWWD
2024-02-23 13:56:08+00:00,2024-02-23 13:58:54.760097+00:00,120.0,FSRV
2024-02-23 13:41:39+00:00,2024-02-23 13:58:54.760097+00:00,120.0,SWWD
2024-02-23 13:51:10+00:00,2024-02-23 13:59:15.901663+00:00,120.0,SWWD
2024-02-23 13:56:40+00:00,2024-02-23 13:59:26.562020+00:00,120.0,SWWD
2024-02-23 13:57:13+00:00,2024-02-23 13:59:37.137695+00:00,120.0,SWWD
2024-02-23 13:38:13+00:00,2024-02-23 13:59:47.599667+00:00,120.0,SWWD
2024-02-23 13:58:47+00:00,2024-02-23 14:01:43.053770+00:00,120.0,SWWD
2024-02-23 13:58:51+00:00,2024-02-23 14:02:14.617548+00:00,120.0,SCSO
2024-02-23 13:55:16+00:00,2024-02-23 14:03:38.773620+00:00,120.0,SCGL
2024-02-23 14:03:21+00:00,2024-02-23 14:05:44.678529+00:00,120.0,FSRV
2024-02-23 14:01:45+00:00,2024-02-23 14:05:44.678529+00:00,120.0,COTS
2024-02-23 13:57:55+00:00,2024-02-23 14:06:05.680910+00:00,120.0,SWWD
2024-02-23 13:59:59+00:00,2024-02-23 14:06:05.680910+00:00,120.0,SCGL
2024-02-23 14:03:10+00:00,2024-02-23 14:06:26.660980+00:00,120.0,TDTR
2024-02-23 14:04:56+00:00,2024-02-23 14:09:56.964459+00:00,120.0,FSRV
2024-02-23 14:05:18+00:00,2024-02-23 14:10:28.520798+00:00,120.0,PULH
2024-02-23 14:06:34+00:00,2024-02-23 14:10:39.040462+00:00,120.0,NATX
2024-02-23 14:08:04+00:00,2024-02-23 14:10:49.566003+00:00,120.0,FSRV
2024-02-23 14:07:54+00:00,2024-02-23 14:10:49.566003+00:00,120.0,NATX
2024-02-23 14:08:59+00:00,2024-02-23 14:11:00.098604+00:00,120.0,NATX
2024-02-23 14:12:02+00:00,2024-02-23 14:15:02.112305+00:00,120.0,TDTR
2024-02-23 14:15:58+00:00,2024-02-23 14:19:14.971834+00:00,120.0,SCGL
2024-02-23 14:10:19+00:00,2024-02-23 14:19:35.993267+00:00,120.0,BZCO
2024-02-23 14:16:19+00:00,2024-02-23 14:19:46.503332+00:00,120.0,BZCO
2024-02-23 14:16:16+00:00,2024-02-23 14:19:57.026086+00:00,120.0,SCGL
2024-02-23 14:16:43+00:00,2024-02-23 14:20:39.171817+00:00,120.0,SCGL
2024-02-23 14:19:37+00:00,2024-02-23 14:22:35.241723+00:00,120.0,FSRV
2024-02-23 14:17:26+00:00,2024-02-23 14:22:35.241723+00:00,120.0,SWWD
2024-02-23 14:20:55+00:00,2024-02-23 14:23:06.841335+00:00,120.0,FSRV
2024-02-23 14:19:07+00:00,2024-02-23 14:23:17.374284+00:00,120.0,SWWD
2024-02-23 14:21:06+00:00,2024-02-23 14:23:27.879654+00:00,120.0,SWWD
2024-02-23 14:14:55+00:00,2024-02-23 14:23:59.447114+00:00,120.0,SCGL
2024-02-23 14:18:27+00:00,2024-02-23 14:26:37.594102+00:00,120.0,SCGL
2024-02-23 14:24:32+00:00,2024-02-23 14:26:48.126848+00:00,120.0,SCGL
2024-02-23 14:18:54+00:00,2024-02-23 14:27:09.171376+00:00,120.0,SWWD
2024-02-23 14:24:09+00:00,2024-02-23 14:27:09.171376+00:00,120.0,TDTR
2024-02-23 14:24:37+00:00,2024-02-23 14:27:19.720012+00:00,120.0,TDTR
2024-02-23 14:20:08+00:00,2024-02-23 14:27:19.720012+00:00,120.0,SWWD
2024-02-23 14:25:14+00:00,2024-02-23 14:28:12.573625+00:00,120.0,FBRI
2024-02-23 14:26:14+00:00,2024-02-23 14:28:33.750647+00:00,120.0,FBRI
2024-02-23 14:26:18+00:00,2024-02-23 14:28:54.939550+00:00,120.0,SWCO
2024-02-23 14:26:38+00:00,2024-02-23 14:30:51.033101+00:00,120.0,FSRV
2024-02-23 14:28:53+00:00,2024-02-23 14:31:01.602732+00:00,120.0,FSRV
2024-02-23 14:26:09+00:00,2024-02-23 14:31:33.386956+00:00,120.0,FRMN
2024-02-23 14:11:59+00:00,2024-02-23 14:32:05.231721+00:00,120.0,FRMN
2024-02-23 14:16:44+00:00,2024-02-23 14:32:26.361255+00:00,120.0,FRMN
2024-02-23 14:20:52+00:00,2024-02-23 14:32:47.500471+00:00,120.0,FRMN
2024-02-23 14:27:15+00:00,2024-02-23 14:32:58.037619+00:00,120.0,FRMN
2024-02-23 14:29:43+00:00,2024-02-23 14:33:08.578095+00:00,120.0,FRMN
2024-02-23 14:30:27+00:00,2024-02-23 14:33:19.150402+00:00,120.0,FRMN
2024-02-23 14:09:36+00:00,2024-02-23 14:33:29.704760+00:00,120.0,FRMN
2024-02-23 14:11:26+00:00,2024-02-23 14:33:40.239072+00:00,120.0,FRMN
2024-02-23 14:30:37+00:00,2024-02-23 14:34:11.898598+00:00,120.0,FSRV
2024-02-23 14:33:00+00:00,2024-02-23 14:36:08.107847+00:00,120.0,SCGL
2024-02-23 14:33:08+00:00,2024-02-23 14:36:18.636093+00:00,120.0,SCGL
2024-02-23 14:33:03+00:00,2024-02-23 14:38:46.186315+00:00,120.0,SWCO
2024-02-23 14:21:37+00:00,2024-02-23 14:38:57.824173+00:00,120.0,SWCO
2024-02-23 14:24:59+00:00,2024-02-23 14:39:08.368680+00:00,120.0,SWCO
2024-02-23 14:29:20+00:00,2024-02-23 14:39:18.896512+00:00,120.0,SWCO
2024-02-23 14:32:38+00:00,2024-02-23 14:39:29.398088+00:00,120.0,SWCO
2024-02-23 14:18:35+00:00,2024-02-23 14:39:50.509965+00:00,120.0,SWCO
2024-02-23 14:18:38+00:00,2024-02-23 14:40:01.026029+00:00,120.0,SWCO
2024-02-23 14:21:00+00:00,2024-02-23 14:40:11.576602+00:00,120.0,SWWD
2024-02-23 14:23:33+00:00,2024-02-23 14:40:22.110111+00:00,120.0,SWWD
2024-02-23 14:32:55+00:00,2024-02-23 14:40:53.725115+00:00,120.0,SWWD
2024-02-23 14:32:16+00:00,2024-02-23 14:40:53.725115+00:00,120.0,FSRV
2024-02-23 14:38:39+00:00,2024-02-23 14:41:04.238591+00:00,120.0,SCGL
2024-02-23 14:37:20+00:00,2024-02-23 14:41:14.731537+00:00,120.0,SWWD
2024-02-23 14:36:25+00:00,2024-02-23 14:41:14.731537+00:00,120.0,FSRV
2024-02-23 14:39:20+00:00,2024-02-23 14:41:25.248341+00:00,120.0,SWWD
2024-02-23 14:37:21+00:00,2024-02-23 14:41:25.248341+00:00,120.0,TDTR
2024-02-23 14:36:36+00:00,2024-02-23 14:41:46.318163+00:00,120.0,FSRV
2024-02-23 14:36:40+00:00,2024-02-23 14:43:10.678515+00:00,120.0,SCGL
2024-02-23 14:39:42+00:00,2024-02-23 14:43:21.211460+00:00,120.0,SCGL
2024-02-23 14:44:00+00:00,2024-02-23 14:46:20.390620+00:00,120.0,FBRI
2024-02-23 14:43:39+00:00,2024-02-23 14:48:58.530019+00:00,120.0,TDTR
2024-02-23 14:46:59+00:00,2024-02-23 14:49:09.079509+00:00,120.0,SWCO
2024-02-23 14:47:09+00:00,2024-02-23 14:51:37.231947+00:00,120.0,FBRI
2024-02-23 14:49:47+00:00,2024-02-23 14:52:40.544823+00:00,120.0,SCGL
2024-02-23 14:49:55+00:00,2024-02-23 14:53:12.342558+00:00,120.0,SCGL
2024-02-23 14:47:29+00:00,2024-02-23 14:53:12.342558+00:00,120.0,SCGL
2024-02-23 14:51:18+00:00,2024-02-23 14:55:08.693767+00:00,120.0,FSRV
2024-02-23 14:52:17+00:00,2024-02-23 14:57:36.585139+00:00,120.0,SWWD
2024-02-23 14:56:09+00:00,2024-02-23 14:59:11.681963+00:00,120.0,NATX
2024-02-23 14:54:40+00:00,2024-02-23 14:59:43.477487+00:00,120.0,FSRV
2024-02-23 14:52:23+00:00,2024-02-23 15:00:04.577015+00:00,120.0,FSRV
2024-02-23 14:54:08+00:00,2024-02-23 15:00:15.140177+00:00,120.0,FSRV
2024-02-23 14:57:03+00:00,2024-02-23 15:00:25.746669+00:00,120.0,FSRV
2024-02-23 14:49:22+00:00,2024-02-23 15:00:25.746669+00:00,120.0,COAC
2024-02-23 14:58:17+00:00,2024-02-23 15:00:36.328655+00:00,120.0,FSRV
2024-02-23 14:55:03+00:00,2024-02-23 15:01:29.214645+00:00,120.0,SWWD
2024-02-23 14:56:34+00:00,2024-02-23 15:01:39.827659+00:00,120.0,SWWD
2024-02-23 14:58:14+00:00,2024-02-23 15:02:01.204000+00:00,120.0,SCGL
2024-02-23 14:19:46+00:00,2024-02-23 15:03:57.447251+00:00,120.0,COAC
2024-02-23 14:37:14+00:00,2024-02-23 15:04:07.978642+00:00,120.0,COAC
2024-02-23 14:39:37+00:00,2024-02-23 15:04:18.547589+00:00,120.0,COAC
2024-02-23 15:00:44+00:00,2024-02-23 15:04:50.189129+00:00,120.0,WDBC
2024-02-23 15:00:23+00:00,2024-02-23 15:02:22.320825+00:00,119.320825,SWWD
2024-02-23 14:00:07+00:00,2024-02-23 14:02:04.130305+00:00,117.130305,SWWD
2024-02-23 13:49:48+00:00,2024-02-23 13:51:43.231807+00:00,115.231807,FSRV
2024-02-23 14:09:58+00:00,2024-02-23 14:11:52.611358+00:00,114.611358,TDTR
2024-02-23 14:44:26+00:00,2024-02-23 14:46:20.390620+00:00,114.39062,TDTR
2024-02-23 14:50:05+00:00,2024-02-23 14:51:58.263126+00:00,113.263126,SWCO
2024-02-23 14:14:23+00:00,2024-02-23 14:16:16.101893+00:00,113.101893,SWWD
2024-02-23 14:00:22+00:00,2024-02-23 14:02:14.617548+00:00,112.617548,SWWD
2024-02-23 14:58:12+00:00,2024-02-23 15:00:04.577015+00:00,112.577015,FBRI
2024-02-23 15:01:45+00:00,2024-02-23 15:03:36.337178+00:00,111.337178,FBRI
2024-02-23 13:43:13+00:00,2024-02-23 13:45:04.265008+00:00,111.265008,TDTR
2024-02-23 14:44:10+00:00,2024-02-23 14:45:59.283000+00:00,109.283,BZCO
2024-02-23 13:52:43+00:00,2024-02-23 13:54:31.086624+00:00,108.086624,NATX
2024-02-23 14:48:36+00:00,2024-02-23 14:50:23.021070+00:00,107.02107,SCGL
2024-02-23 13:52:03+00:00,2024-02-23 13:53:49.115875+00:00,106.115875,FSRV
2024-02-23 13:41:44+00:00,2024-02-23 13:43:30.028935+00:00,106.028935,TDTR
2024-02-23 14:35:07+00:00,2024-02-23 14:36:50.263365+00:00,103.263365,SCGL
2024-02-23 14:59:46+00:00,2024-02-23 15:01:29.214645+00:00,103.214645,SCGL
2024-02-23 14:55:54+00:00,2024-02-23 14:57:36.585139+00:00,102.585139,TDTR
2024-02-23 15:02:37+00:00,2024-02-23 15:04:18.547589+00:00,101.547589,TDTR
2024-02-23 14:27:24+00:00,2024-02-23 14:29:05.486292+00:00,101.486292,NATX
2024-02-23 14:59:27+00:00,2024-02-23 15:01:08.128634+00:00,101.128634,TDTR
2024-02-23 14:50:39+00:00,2024-02-23 14:52:19.406958+00:00,100.406958,SWWD
2024-02-23 14:01:48+00:00,2024-02-23 14:03:28.261239+00:00,100.261239,TDTR
2024-02-23 13:41:42+00:00,2024-02-23 13:43:19.495020+00:00,97.49502,TDTR
2024-02-23 14:37:00+00:00,2024-02-23 14:38:35.572050+00:00,95.57205,SWWD
2024-02-23 14:53:44+00:00,2024-02-23 14:55:19.219354+00:00,95.219354,NATX
2024-02-23 13:55:13+00:00,2024-02-23 13:56:47.931119+00:00,94.931119,TDTR
2024-02-23 14:43:00+00:00,2024-02-23 14:44:34.891324+00:00,94.891324,SCGL
2024-02-23 14:44:47+00:00,2024-02-23 14:46:20.390620+00:00,93.39062,SWWD
2024-02-23 13:37:35+00:00,2024-02-23 13:39:08.053105+00:00,93.053105,LTRV
2024-02-23 14:56:46+00:00,2024-02-23 14:58:18.919173+00:00,92.919173,TDTR
2024-02-23 13:31:29+00:00,2024-02-23 13:33:01.548338+00:00,92.548338,SWWD
2024-02-23 13:52:59+00:00,2024-02-23 13:54:31.086624+00:00,92.086624,SWWD
2024-02-23 14:19:40+00:00,2024-02-23 14:21:10.838286+00:00,90.838286,TDTR
2024-02-23 14:30:24+00:00,2024-02-23 14:31:54.666381+00:00,90.666381,SCGL
2024-02-23 14:44:29+00:00,2024-02-23 14:45:59.283000+00:00,90.283,NATX
2024-02-23 13:53:43+00:00,2024-02-23 13:55:13.020208+00:00,90.020208,SWCO
2024-02-23 14:02:10+00:00,2024-02-23 14:03:38.773620+00:00,88.77362,SWWD
2024-02-23 13:54:16+00:00,2024-02-23 13:55:44.568869+00:00,88.568869,TDTR
2024-02-23 13:53:56+00:00,2024-02-23 13:55:23.588996+00:00,87.588996,FSRV
2024-02-23 14:37:20+00:00,2024-02-23 14:38:46.186315+00:00,86.186315,FBRI
2024-02-23 14:00:38+00:00,2024-02-23 14:02:04.130305+00:00,86.130305,FBRI
2024-02-23 14:25:02+00:00,2024-02-23 14:26:27.063559+00:00,85.063559,FBRI
2024-02-23 15:02:01+00:00,2024-02-23 15:03:25.783068+00:00,84.783068,TDTR
2024-02-23 14:40:22+00:00,2024-02-23 14:41:46.318163+00:00,84.318163,TDTR
2024-02-23 14:08:54+00:00,2024-02-23 14:10:18.010234+00:00,84.010234,FSRV
2024-02-23 13:47:01+00:00,2024-02-23 13:48:23.716233+00:00,82.716233,TDTR
2024-02-23 14:05:25+00:00,2024-02-23 14:06:47.676480+00:00,82.67648,TDTR
2024-02-23 13:30:58+00:00,2024-02-23 13:32:19.608194+00:00,81.608194,SWWD
2024-02-23 13:57:02+00:00,2024-02-23 13:58:23.096829+00:00,81.096829,TDTR
2024-02-23 14:21:57+00:00,2024-02-23 14:23:17.374284+00:00,80.374284,FRMN
2024-02-23 14:46:15+00:00,2024-02-23 14:47:34.127790+00:00,79.12779,FSRV
2024-02-23 14:51:11+00:00,2024-02-23 14:52:29.994275+00:00,78.994275,SWWD
2024-02-23 14:19:31+00:00,2024-02-23 14:20:49.695601+00:00,78.695601,NATX
2024-02-23 13:59:01+00:00,2024-02-23 14:00:19.154531+00:00,78.154531,TDTR
2024-02-23 14:05:30+00:00,2024-02-23 14:06:47.676480+00:00,77.67648,COAC
2024-02-23 13:31:02+00:00,2024-02-23 13:32:19.608194+00:00,77.608194,SWWD
2024-02-23 14:07:26+00:00,2024-02-23 14:08:43.348266+00:00,77.348266,FBRI
2024-02-23 13:58:41+00:00,2024-02-23 13:59:58.131262+00:00,77.131262,FBRI
2024-02-23 14:10:04+00:00,2024-02-23 14:11:21.107446+00:00,77.107446,FBRI
2024-02-23 13:31:04+00:00,2024-02-23 13:32:19.608194+00:00,75.608194,CTSW
2024-02-23 13:53:26+00:00,2024-02-23 13:54:41.581740+00:00,75.58174,FRMN
2024-02-23 13:45:13+00:00,2024-02-23 13:46:28.116561+00:00,75.116561,TDTR
2024-02-23 13:31:05+00:00,2024-02-23 13:32:19.608194+00:00,74.608194,SCGL
2024-02-23 14:00:29+00:00,2024-02-23 14:01:43.053770+00:00,74.05377,SWWD
2024-02-23 14:28:02+00:00,2024-02-23 14:29:16.049163+00:00,74.049163,SWCO
2024-02-23 14:43:21+00:00,2024-02-23 14:44:34.891324+00:00,73.891324,SCGL
2024-02-23 14:43:53+00:00,2024-02-23 14:45:06.627498+00:00,73.627498,TDTR
2024-02-23 14:10:18+00:00,2024-02-23 14:11:31.606331+00:00,73.606331,FBRI
2024-02-23 13:33:23+00:00,2024-02-23 13:34:35.773430+00:00,72.77343,SWWD
2024-02-23 14:39:10+00:00,2024-02-23 14:40:22.110111+00:00,72.110111,FSRV
2024-02-23 14:52:43+00:00,2024-02-23 14:53:54.801857+00:00,71.801857,TDTR
2024-02-23 13:56:51+00:00,2024-02-23 13:58:01.829243+00:00,70.829243,FRMN
2024-02-23 14:02:49+00:00,2024-02-23 14:03:59.745031+00:00,70.745031,SWWD
2024-02-23 13:34:28+00:00,2024-02-23 13:35:38.661482+00:00,70.661482,FSRV
2024-02-23 13:35:42+00:00,2024-02-23 13:36:52.032252+00:00,70.032252,SWWD
2024-02-23 14:24:15+00:00,2024-02-23 14:25:23.726419+00:00,68.726419,PULH
2024-02-23 13:49:42+00:00,2024-02-23 13:50:50.724500+00:00,68.7245,SCGL
2024-02-23 13:31:12+00:00,2024-02-23 13:32:19.608194+00:00,67.608194,FRMN
2024-02-23 14:56:29+00:00,2024-02-23 14:57:36.585139+00:00,67.585139,NATX
2024-02-23 14:55:47+00:00,2024-02-23 14:56:54.380504+00:00,67.380504,SWWD
2024-02-23 13:54:06+00:00,2024-02-23 13:55:13.020208+00:00,67.020208,TDTR
2024-02-23 14:05:41+00:00,2024-02-23 14:06:47.676480+00:00,66.67648,SWWD
2024-02-23 14:23:14+00:00,2024-02-23 14:24:20.589005+00:00,66.589005,TDTR
2024-02-23 14:45:14+00:00,2024-02-23 14:46:20.390620+00:00,66.39062,NATX
2024-02-23 13:50:37+00:00,2024-02-23 13:51:43.231807+00:00,66.231807,SCGL
2024-02-23 13:54:28+00:00,2024-02-23 13:55:34.079073+00:00,66.079073,FSRV
2024-02-23 14:26:56+00:00,2024-02-23 14:28:02.022131+00:00,66.022131,SWCO
2024-02-23 14:43:50+00:00,2024-02-23 14:44:56.014863+00:00,66.014863,TDTR
2024-02-23 14:17:48+00:00,2024-02-23 14:18:53.995421+00:00,65.995421,TDTR
2024-02-23 14:52:17+00:00,2024-02-23 14:53:22.925969+00:00,65.925969,SCGL
2024-02-23 14:36:06+00:00,2024-02-23 14:37:11.284762+00:00,65.284762,TDTR
2024-02-23 13:59:04+00:00,2024-02-23 14:00:08.667561+00:00,64.667561,FBRI
2024-02-23 13:32:08+00:00,2024-02-23 13:33:12.024067+00:00,64.024067,SWWD
2024-02-23 13:49:47+00:00,2024-02-23 13:50:50.724500+00:00,63.7245,NATX
2024-02-23 14:59:33+00:00,2024-02-23 15:00:36.328655+00:00,63.328655,SWWD
2024-02-23 13:49:58+00:00,2024-02-23 13:51:01.326818+00:00,63.326818,SWWD
2024-02-23 14:11:00+00:00,2024-02-23 14:12:03.138863+00:00,63.138863,FSRV
2024-02-23 14:11:53+00:00,2024-02-23 14:12:55.780272+00:00,62.780272,FRMN
2024-02-23 13:31:17+00:00,2024-02-23 13:32:19.608194+00:00,62.608194,SCGL
2024-02-23 14:13:49+00:00,2024-02-23 14:14:51.579951+00:00,62.579951,SWWD
2024-02-23 14:20:20+00:00,2024-02-23 14:21:21.483933+00:00,61.483933,FBRI
2024-02-23 14:30:11+00:00,2024-02-23 14:31:12.221040+00:00,61.22104,FSRV
2024-02-23 15:00:07+00:00,2024-02-23 15:01:08.128634+00:00,61.128634,SWCO
2024-02-23 13:56:19+00:00,2024-02-23 13:57:19.524424+00:00,60.524424,SWWD
2024-02-23 14:24:13+00:00,2024-02-23 14:25:13.212605+00:00,60.212605,TDTR
2024-02-23 13:51:04+00:00,2024-02-23 13:52:04.201123+00:00,60.201123,NATX
2024-02-23 13:36:13+00:00,2024-02-23 13:37:12.968543+00:00,59.968543,TDTR
2024-02-23 14:46:24+00:00,2024-02-23 14:47:23.611463+00:00,59.611463,SWCO
2024-02-23 13:54:35+00:00,2024-02-23 13:55:34.079073+00:00,59.079073,FSRV
2024-02-23 13:45:19+00:00,2024-02-23 13:46:17.605824+00:00,58.605824,SWWD
2024-02-23 14:22:19+00:00,2024-02-23 14:23:17.374284+00:00,58.374284,FSRV
2024-02-23 14:36:45+00:00,2024-02-23 14:37:42.855575+00:00,57.855575,TDTR
2024-02-23 14:03:23+00:00,2024-02-23 14:04:20.692807+00:00,57.692807,FSRV
2024-02-23 14:28:29+00:00,2024-02-23 14:29:26.609391+00:00,57.609391,NATX
2024-02-23 13:53:44+00:00,2024-02-23 13:54:41.581740+00:00,57.58174,NATX
2024-02-23 14:56:50+00:00,2024-02-23 14:57:47.171112+00:00,57.171112,TDTR
2024-02-23 14:48:44+00:00,2024-02-23 14:49:40.851752+00:00,56.851752,FSRV
2024-02-23 13:50:15+00:00,2024-02-23 13:51:11.834629+00:00,56.834629,SWWD
2024-02-23 14:37:50+00:00,2024-02-23 14:38:46.186315+00:00,56.186315,FSRV
2024-02-23 13:48:41+00:00,2024-02-23 13:49:37.177919+00:00,56.177919,PULH
2024-02-23 14:19:01+00:00,2024-02-23 14:19:57.026086+00:00,56.026086,BZCO
2024-02-23 14:47:31+00:00,2024-02-23 14:48:26.942957+00:00,55.942957,TDTR
2024-02-23 14:00:16+00:00,2024-02-23 14:01:11.600698+00:00,55.600698,FRMN
2024-02-23 14:38:13+00:00,2024-02-23 14:39:08.368680+00:00,55.36868,SWWD
2024-02-23 13:33:09+00:00,2024-02-23 13:34:04.345187+00:00,55.345187,FBRI
2024-02-23 14:20:05+00:00,2024-02-23 14:21:00.321355+00:00,55.321355,FBRI
2024-02-23 13:37:21+00:00,2024-02-23 13:38:15.707110+00:00,54.70711,LTRV
2024-02-23 13:57:18+00:00,2024-02-23 13:58:12.470008+00:00,54.470008,FRMN
2024-02-23 14:48:36+00:00,2024-02-23 14:49:30.303860+00:00,54.30386,TDTR
2024-02-23 14:18:21+00:00,2024-02-23 14:19:14.971834+00:00,53.971834,FSRV
2024-02-23 14:20:17+00:00,2024-02-23 14:21:10.838286+00:00,53.838286,FBRI
2024-02-23 14:10:38+00:00,2024-02-23 14:11:31.606331+00:00,53.606331,SWWD
2024-02-23 14:27:41+00:00,2024-02-23 14:28:33.750647+00:00,52.750647,LEMB
2024-02-23 14:04:52+00:00,2024-02-23 14:05:44.678529+00:00,52.678529,BZCO
2024-02-23 14:15:55+00:00,2024-02-23 14:16:47.677465+00:00,52.677465,TDTR
2024-02-23 13:54:52+00:00,2024-02-23 13:55:44.568869+00:00,52.568869,NATX
2024-02-23 14:42:08+00:00,2024-02-23 14:43:00.128447+00:00,52.128447,FSRV
2024-02-23 14:39:30+00:00,2024-02-23 14:40:22.110111+00:00,52.110111,TDTR
2024-02-23 14:25:46+00:00,2024-02-23 14:26:37.594102+00:00,51.594102,PULH
2024-02-23 14:23:29+00:00,2024-02-23 14:24:20.589005+00:00,51.589005,FBRI
2024-02-23 14:52:42+00:00,2024-02-23 14:53:33.493916+00:00,51.493916,FSRV
2024-02-23 14:57:38+00:00,2024-02-23 14:58:29.438511+00:00,51.438511,FSRV
2024-02-23 13:49:28+00:00,2024-02-23 13:50:19.261875+00:00,51.261875,SWWD
2024-02-23 14:21:44+00:00,2024-02-23 14:22:35.241723+00:00,51.241723,TDTR
2024-02-23 14:29:39+00:00,2024-02-23 14:30:29.908670+00:00,50.90867,FSRV
2024-02-23 14:21:55+00:00,2024-02-23 14:22:45.852339+00:00,50.852339,FSRV
2024-02-23 13:53:09+00:00,2024-02-23 13:53:59.617098+00:00,50.617098,COTS
2024-02-23 13:31:29+00:00,2024-02-23 13:32:19.608194+00:00,50.608194,COAC
2024-02-23 14:27:33+00:00,2024-02-23 14:28:23.176457+00:00,50.176457,FBRI
2024-02-23 14:41:28+00:00,2024-02-23 14:42:17.912949+00:00,49.912949,FSRV
2024-02-23 13:50:01+00:00,2024-02-23 13:50:50.724500+00:00,49.7245,FBRI
2024-02-23 13:59:40+00:00,2024-02-23 14:00:29.654369+00:00,49.654369,SWWD
2024-02-23 13:49:19+00:00,2024-02-23 13:50:08.652965+00:00,49.652965,TDTR
2024-02-23 14:10:21+00:00,2024-02-23 14:11:10.607408+00:00,49.607408,NATX
2024-02-23 14:12:49+00:00,2024-02-23 14:13:37.889684+00:00,48.889684,SCGL
2024-02-23 14:24:35+00:00,2024-02-23 14:25:23.726419+00:00,48.726419,TDTR
2024-02-23 14:32:41+00:00,2024-02-23 14:33:29.704760+00:00,48.70476,FBRI
2024-02-23 13:47:46+00:00,2024-02-23 13:48:34.248437+00:00,48.248437,TDTR
2024-02-23 14:05:07+00:00,2024-02-23 14:05:55.165008+00:00,48.165008,COTS
2024-02-23 14:02:51+00:00,2024-02-23 14:03:38.773620+00:00,47.77362,SWWD
2024-02-23 14:24:57+00:00,2024-02-23 14:25:44.745512+00:00,47.745512,TDTR
2024-02-23 14:48:32+00:00,2024-02-23 14:49:19.599615+00:00,47.599615,BZCO
2024-02-23 15:01:46+00:00,2024-02-23 15:02:32.877440+00:00,46.87744,SWWD
2024-02-23 14:36:35+00:00,2024-02-23 14:37:21.814605+00:00,46.814605,SWWD
2024-02-23 14:03:55+00:00,2024-02-23 14:04:41.664173+00:00,46.664173,SWWD
2024-02-23 14:21:49+00:00,2024-02-23 14:22:35.241723+00:00,46.241723,FSRV
2024-02-23 14:24:48+00:00,2024-02-23 14:25:34.233974+00:00,46.233974,TDTR
2024-02-23 14:24:06+00:00,2024-02-23 14:24:52.161333+00:00,46.161333,SWWD
2024-02-23 13:58:51+00:00,2024-02-23 13:59:37.137695+00:00,46.137695,NATX
2024-02-23 13:38:22+00:00,2024-02-23 13:39:08.053105+00:00,46.053105,TDTR
2024-02-23 13:48:20+00:00,2024-02-23 13:49:05.640640+00:00,45.64064,PULH
2024-02-23 14:32:23+00:00,2024-02-23 14:33:08.578095+00:00,45.578095,TDTR
2024-02-23 14:18:40+00:00,2024-02-23 14:19:25.465798+00:00,45.465798,SCGL
2024-02-23 14:15:52+00:00,2024-02-23 14:16:37.185561+00:00,45.185561,TDTR
2024-02-23 14:23:25+00:00,2024-02-23 14:24:09.975128+00:00,44.975128,FSRV
2024-02-23 14:12:11+00:00,2024-02-23 14:12:55.780272+00:00,44.780272,COAC
2024-02-23 14:00:06+00:00,2024-02-23 14:00:50.627924+00:00,44.627924,FRMN
2024-02-23 14:20:16+00:00,2024-02-23 14:21:00.321355+00:00,44.321355,FSRV
2024-02-23 14:36:59+00:00,2024-02-23 14:37:42.855575+00:00,43.855575,NATX
2024-02-23 15:02:42+00:00,2024-02-23 15:03:25.783068+00:00,43.783068,SWWD
2024-02-23 14:02:13+00:00,2024-02-23 14:02:56.738629+00:00,43.738629,SWWD
2024-02-23 14:54:46+00:00,2024-02-23 14:55:29.736341+00:00,43.736341,TDTR
2024-02-23 14:22:34+00:00,2024-02-23 14:23:17.374284+00:00,43.374284,TDTR
2024-02-23 14:06:15+00:00,2024-02-23 14:06:58.256403+00:00,43.256403,COAC
2024-02-23 14:03:27+00:00,2024-02-23 14:04:10.211449+00:00,43.211449,SWWD
2024-02-23 13:59:15+00:00,2024-02-23 13:59:58.131262+00:00,43.131262,COAC
2024-02-23 14:15:12+00:00,2024-02-23 14:15:54.958866+00:00,42.958866,SCGL
2024-02-23 15:00:36+00:00,2024-02-23 15:01:18.696931+00:00,42.696931,SWCO
2024-02-23 14:21:21+00:00,2024-02-23 14:22:03.630955+00:00,42.630955,TDTR
2024-02-23 13:51:53+00:00,2024-02-23 13:52:35.606552+00:00,42.606552,SWWD
2024-02-23 14:58:40+00:00,2024-02-23 14:59:22.224791+00:00,42.224791,NATX
2024-02-23 14:19:36+00:00,2024-02-23 14:20:18.146688+00:00,42.146688,FSRV
2024-02-23 14:09:57+00:00,2024-02-23 14:10:39.040462+00:00,42.040462,NATX
2024-02-23 14:31:13+00:00,2024-02-23 14:31:54.666381+00:00,41.666381,NATX
2024-02-23 14:58:09+00:00,2024-02-23 14:58:50.612290+00:00,41.61229,SCGL
2024-02-23 13:40:22+00:00,2024-02-23 13:41:03.149566+00:00,41.149566,SCGL
2024-02-23 14:28:35+00:00,2024-02-23 14:29:16.049163+00:00,41.049163,TDTR
2024-02-23 14:30:42+00:00,2024-02-23 14:31:22.863524+00:00,40.863524,FBRI
2024-02-23 14:40:55+00:00,2024-02-23 14:41:35.768043+00:00,40.768043,NATX
2024-02-23 14:40:55+00:00,2024-02-23 14:41:35.768043+00:00,40.768043,FSRV
2024-02-23 14:27:53+00:00,2024-02-23 14:28:33.750647+00:00,40.750647,FSRV
2024-02-23 14:52:21+00:00,2024-02-23 14:53:01.708953+00:00,40.708953,SWWD
2024-02-23 14:31:14+00:00,2024-02-23 14:31:54.666381+00:00,40.666381,FBRI
2024-02-23 14:21:23+00:00,2024-02-23 14:22:03.630955+00:00,40.630955,SWWD
2024-02-23 13:31:39+00:00,2024-02-23 13:32:19.608194+00:00,40.608194,NATX
2024-02-23 13:54:43+00:00,2024-02-23 13:55:23.588996+00:00,40.588996,NATX
2024-02-23 14:28:04+00:00,2024-02-23 14:28:44.368148+00:00,40.368148,WBCT
2024-02-23 14:59:35+00:00,2024-02-23 15:00:15.140177+00:00,40.140177,FSRV
2024-02-23 14:40:56+00:00,2024-02-23 14:41:35.768043+00:00,39.768043,NATX
2024-02-23 14:21:45+00:00,2024-02-23 14:22:24.698566+00:00,39.698566,TDTR
2024-02-23 14:05:05+00:00,2024-02-23 14:05:44.678529+00:00,39.678529,SWWD
2024-02-23 14:39:53+00:00,2024-02-23 14:40:32.625222+00:00,39.625222,FSRV
2024-02-23 13:31:40+00:00,2024-02-23 13:32:19.608194+00:00,39.608194,SWWD
2024-02-23 13:31:40+00:00,2024-02-23 13:32:19.608194+00:00,39.608194,FSRV
2024-02-23 14:14:12+00:00,2024-02-23 14:14:51.579951+00:00,39.579951,COAC
2024-02-23 13:43:22+00:00,2024-02-23 13:44:01.431710+00:00,39.43171,SWWD
2024-02-23 14:17:22+00:00,2024-02-23 14:18:01.317860+00:00,39.31786,NATX
2024-02-23 14:34:36+00:00,2024-02-23 14:35:15.317255+00:00,39.317255,SWWD
2024-02-23 13:47:55+00:00,2024-02-23 13:48:34.248437+00:00,39.248437,TDTR
2024-02-23 14:16:19+00:00,2024-02-23 14:16:58.238826+00:00,39.238826,TDTR
2024-02-23 14:50:37+00:00,2024-02-23 14:51:16.212492+00:00,39.212492,TDTR
2024-02-23 13:34:49+00:00,2024-02-23 13:35:28.207393+00:00,39.207393,TDTR
2024-02-23 14:44:38+00:00,2024-02-23 14:45:17.181805+00:00,39.181805,SWCO
2024-02-23 13:35:31+00:00,2024-02-23 13:36:10.063244+00:00,39.063244,SWWD
2024-02-23 14:49:44+00:00,2024-02-23 14:50:23.021070+00:00,39.02107,NATX
2024-02-23 13:44:15+00:00,2024-02-23 13:44:53.790415+00:00,38.790415,SWWD
2024-02-23 13:53:42+00:00,2024-02-23 13:54:20.589939+00:00,38.589939,TDTR
2024-02-23 14:10:11+00:00,2024-02-23 14:10:49.566003+00:00,38.566003,TDTR
2024-02-23 14:19:29+00:00,2024-02-23 14:20:07.541030+00:00,38.54103,SWWD
2024-02-23 14:17:02+00:00,2024-02-23 14:17:40.329758+00:00,38.329758,NATX
2024-02-23 13:51:05+00:00,2024-02-23 13:51:43.231807+00:00,38.231807,NATX
2024-02-23 14:54:20+00:00,2024-02-23 14:54:58.169777+00:00,38.169777,TDTR
2024-02-23 14:59:37+00:00,2024-02-23 15:00:15.140177+00:00,38.140177,TDTR
2024-02-23 13:42:31+00:00,2024-02-23 13:43:09.053975+00:00,38.053975,TDTR
2024-02-23 14:28:38+00:00,2024-02-23 14:29:16.049163+00:00,38.049163,TDTR
2024-02-23 14:59:16+00:00,2024-02-23 14:59:54.038755+00:00,38.038755,TDTR
2024-02-23 14:46:14+00:00,2024-02-23 14:46:52.023356+00:00,38.023356,SWCO
2024-02-23 14:44:18+00:00,2024-02-23 14:44:56.014863+00:00,38.014863,TDTR
2024-02-23 14:37:47+00:00,2024-02-23 14:38:24.992890+00:00,37.99289,FSRV
2024-02-23 13:56:31+00:00,2024-02-23 13:57:08.984948+00:00,37.984948,SWWD
2024-02-23 14:23:11+00:00,2024-02-23 14:23:48.942809+00:00,37.942809,TDTR
2024-02-23 15:03:09+00:00,2024-02-23 15:03:46.880309+00:00,37.880309,FSRV
2024-02-23 14:29:31+00:00,2024-02-23 14:30:08.772596+00:00,37.772596,FBRI
2024-02-23 14:40:58+00:00,2024-02-23 14:41:35.768043+00:00,37.768043,NATX
2024-02-23 14:40:58+00:00,2024-02-23 14:41:35.768043+00:00,37.768043,NATX
2024-02-23 14:40:58+00:00,2024-02-23 14:41:35.768043+00:00,37.768043,NATX
2024-02-23 14:11:57+00:00,2024-02-23 14:12:34.723944+00:00,37.723944,TDTR
2024-02-23 13:49:10+00:00,2024-02-23 13:49:47.636780+00:00,37.63678,SWWD
2024-02-23 14:24:04+00:00,2024-02-23 14:24:41.614424+00:00,37.614424,SWWD
2024-02-23 14:45:43+00:00,2024-02-23 14:46:20.390620+00:00,37.39062,SWCO
2024-02-23 13:37:07+00:00,2024-02-23 13:37:44.341420+00:00,37.34142,SWWD
2024-02-23 14:25:18+00:00,2024-02-23 14:25:55.312172+00:00,37.312172,FSRV
2024-02-23 13:50:45+00:00,2024-02-23 13:51:22.283400+00:00,37.2834,SWWD
2024-02-23 14:26:53+00:00,2024-02-23 14:27:30.243296+00:00,37.243296,TDTR
2024-02-23 14:16:21+00:00,2024-02-23 14:16:58.238826+00:00,37.238826,SWCO
2024-02-23 13:59:42+00:00,2024-02-23 14:00:19.154531+00:00,37.154531,FSRV
2024-02-23 13:48:39+00:00,2024-02-23 13:49:16.147749+00:00,37.147749,TDTR
2024-02-23 14:02:09+00:00,2024-02-23 14:02:46.106244+00:00,37.106244,FBRI
2024-02-23 13:38:10+00:00,2024-02-23 13:38:47.081891+00:00,37.081891,TDTR
2024-02-23 14:55:35+00:00,2024-02-23 14:56:12.055062+00:00,37.055062,TDTR
2024-02-23 14:18:59+00:00,2024-02-23 14:19:35.993267+00:00,36.993267,TDTR
2024-02-23 14:56:28+00:00,2024-02-23 14:57:04.969084+00:00,36.969084,SWWD
2024-02-23 13:39:13+00:00,2024-02-23 13:39:49.903799+00:00,36.903799,TDTR
2024-02-23 14:53:18+00:00,2024-02-23 14:53:54.801857+00:00,36.801857,FSRV
2024-02-23 15:02:49+00:00,2024-02-23 15:03:25.783068+00:00,36.783068,TDTR
2024-02-23 15:01:35+00:00,2024-02-23 15:02:11.760947+00:00,36.760947,SWCO
2024-02-23 13:31:43+00:00,2024-02-23 13:32:19.608194+00:00,36.608194,TDTR
2024-02-23 14:26:01+00:00,2024-02-23 14:26:37.594102+00:00,36.594102,FRMN
2024-02-23 14:21:06+00:00,2024-02-23 14:21:42.577909+00:00,36.577909,FRMN
2024-02-23 14:13:54+00:00,2024-02-23 14:14:30.573216+00:00,36.573216,SWWD
2024-02-23 14:19:10+00:00,2024-02-23 14:19:46.503332+00:00,36.503332,FBRI
2024-02-23 14:18:49+00:00,2024-02-23 14:19:25.465798+00:00,36.465798,FBRI
2024-02-23 13:56:22+00:00,2024-02-23 13:56:58.438783+00:00,36.438783,TDTR
2024-02-23 14:38:32+00:00,2024-02-23 14:39:08.368680+00:00,36.36868,SWWD
2024-02-23 14:36:56+00:00,2024-02-23 14:37:32.333737+00:00,36.333737,TDTR
2024-02-23 13:50:46+00:00,2024-02-23 13:51:22.283400+00:00,36.2834,SWWD
2024-02-23 14:24:37+00:00,2024-02-23 14:25:13.212605+00:00,36.212605,SWWD
2024-02-23 14:21:38+00:00,2024-02-23 14:22:14.166965+00:00,36.166965,SWWD
2024-02-23 13:52:31+00:00,2024-02-23 13:53:07.080251+00:00,36.080251,FSRV
2024-02-23 13:41:30+00:00,2024-02-23 13:42:05.921347+00:00,35.921347,TDTR
2024-02-23 14:06:33+00:00,2024-02-23 14:07:08.764838+00:00,35.764838,SWWD
2024-02-23 14:24:48+00:00,2024-02-23 14:25:23.726419+00:00,35.726419,TDTR
2024-02-23 14:36:04+00:00,2024-02-23 14:36:39.726081+00:00,35.726081,TDTR
2024-02-23 13:40:17+00:00,2024-02-23 13:40:52.694280+00:00,35.69428,NATX
2024-02-23 13:34:21+00:00,2024-02-23 13:34:56.689966+00:00,35.689966,FSRV
2024-02-23 13:31:44+00:00,2024-02-23 13:32:19.608194+00:00,35.608194,FSRV
2024-02-23 14:21:07+00:00,2024-02-23 14:21:42.577909+00:00,35.577909,SWWD
2024-02-23 14:20:46+00:00,2024-02-23 14:21:21.483933+00:00,35.483933,FBRI
2024-02-23 13:36:48+00:00,2024-02-23 13:37:23.408111+00:00,35.408111,SWWD
2024-02-23 14:37:18+00:00,2024-02-23 14:37:53.404064+00:00,35.404064,TDTR
2024-02-23 14:07:47+00:00,2024-02-23 14:08:22.344217+00:00,35.344217,TDTR
2024-02-23 14:17:26+00:00,2024-02-23 14:18:01.317860+00:00,35.31786,SWCO
2024-02-23 14:06:23+00:00,2024-02-23 14:06:58.256403+00:00,35.256403,SWWD
2024-02-23 14:34:19+00:00,2024-02-23 14:34:54.247360+00:00,35.24736,NATX
2024-02-23 13:40:07+00:00,2024-02-23 13:40:42.222817+00:00,35.222817,NATX
2024-02-23 14:57:12+00:00,2024-02-23 14:57:47.171112+00:00,35.171112,SWWD
2024-02-23 14:46:38+00:00,2024-02-23 14:47:13.083788+00:00,35.083788,TDTR
2024-02-23 14:46:38+00:00,2024-02-23 14:47:13.083788+00:00,35.083788,SWWD
2024-02-23 14:54:02+00:00,2024-02-23 14:54:37.046283+00:00,35.046283,TDTR
2024-02-23 14:17:37+00:00,2024-02-23 14:18:11.902429+00:00,34.902429,FSRV
2024-02-23 14:44:00+00:00,2024-02-23 14:44:34.891324+00:00,34.891324,NATX
2024-02-23 15:01:58+00:00,2024-02-23 15:02:32.877440+00:00,34.87744,SWWD
2024-02-23 14:12:42+00:00,2024-02-23 14:13:16.859235+00:00,34.859235,COAC
2024-02-23 14:49:06+00:00,2024-02-23 14:49:40.851752+00:00,34.851752,BZCO
2024-02-23 14:32:55+00:00,2024-02-23 14:33:29.704760+00:00,34.70476,TDTR
2024-02-23 13:38:02+00:00,2024-02-23 13:38:36.620384+00:00,34.620384,TDTR
2024-02-23 13:52:01+00:00,2024-02-23 13:52:35.606552+00:00,34.606552,FBRI
2024-02-23 14:43:29+00:00,2024-02-23 14:44:03.355808+00:00,34.355808,TDTR
2024-02-23 14:25:00+00:00,2024-02-23 14:25:34.233974+00:00,34.233974,SWWD
2024-02-23 14:26:14+00:00,2024-02-23 14:26:48.126848+00:00,34.126848,SWWD
2024-02-23 13:37:00+00:00,2024-02-23 13:37:33.879670+00:00,33.87967,SWWD
2024-02-23 13:50:38+00:00,2024-02-23 13:51:11.834629+00:00,33.834629,TDTR
2024-02-23 13:50:38+00:00,2024-02-23 13:51:11.834629+00:00,33.834629,SWWD
2024-02-23 14:17:17+00:00,2024-02-23 14:17:50.832096+00:00,33.832096,TDTR
2024-02-23 14:36:48+00:00,2024-02-23 14:37:21.814605+00:00,33.814605,SWWD
2024-02-23 14:11:19+00:00,2024-02-23 14:11:52.611358+00:00,33.611358,TDTR
2024-02-23 13:31:46+00:00,2024-02-23 13:32:19.608194+00:00,33.608194,FSRV
2024-02-23 13:31:46+00:00,2024-02-23 13:32:19.608194+00:00,33.608194,FSRV
2024-02-23 13:31:46+00:00,2024-02-23 13:32:19.608194+00:00,33.608194,TDTR
2024-02-23 13:31:46+00:00,2024-02-23 13:32:19.608194+00:00,33.608194,FSRV
2024-02-23 13:31:46+00:00,2024-02-23 13:32:19.608194+00:00,33.608194,FBRI
2024-02-23 13:31:46+00:00,2024-02-23 13:32:19.608194+00:00,33.608194,BZCO
2024-02-23 13:32:28+00:00,2024-02-23 13:33:01.548338+00:00,33.548338,SWWD
2024-02-23 14:32:14+00:00,2024-02-23 14:32:47.500471+00:00,33.500471,WBCT
2024-02-23 13:33:10+00:00,2024-02-23 13:33:43.438217+00:00,33.438217,SWWD
2024-02-23 13:37:53+00:00,2024-02-23 13:38:26.153992+00:00,33.153992,TDTR
2024-02-23 14:25:54+00:00,2024-02-23 14:26:27.063559+00:00,33.063559,SWWD
2024-02-23 13:54:40+00:00,2024-02-23 13:55:13.020208+00:00,33.020208,TDTR
2024-02-23 14:28:22+00:00,2024-02-23 14:28:54.939550+00:00,32.93955,TDTR
2024-02-23 14:36:49+00:00,2024-02-23 14:37:21.814605+00:00,32.814605,TDTR
2024-02-23 14:36:28+00:00,2024-02-23 14:37:00.782030+00:00,32.78203,SCGL
2024-02-23 14:40:21+00:00,2024-02-23 14:40:53.725115+00:00,32.725115,FSRV
2024-02-23 14:42:38+00:00,2024-02-23 14:43:10.678515+00:00,32.678515,TDTR
2024-02-23 13:31:47+00:00,2024-02-23 13:32:19.608194+00:00,32.608194,COAC
2024-02-23 13:31:47+00:00,2024-02-23 13:32:19.608194+00:00,32.608194,FBRI
2024-02-23 13:34:45+00:00,2024-02-23 13:35:17.600939+00:00,32.600939,TDTR
2024-02-23 14:46:09+00:00,2024-02-23 14:46:41.516907+00:00,32.516907,NATX
2024-02-23 14:44:13+00:00,2024-02-23 14:44:45.477887+00:00,32.477887,SWWD
2024-02-23 14:45:48+00:00,2024-02-23 14:46:20.390620+00:00,32.39062,SCSO
2024-02-23 14:08:32+00:00,2024-02-23 14:09:04.350638+00:00,32.350638,TDTR
2024-02-23 14:29:47+00:00,2024-02-23 14:30:19.340239+00:00,32.340239,TDTR
2024-02-23 14:37:00+00:00,2024-02-23 14:37:32.333737+00:00,32.333737,SWWD
2024-02-23 14:07:08+00:00,2024-02-23 14:07:40.282376+00:00,32.282376,SWWD
2024-02-23 14:16:47+00:00,2024-02-23 14:17:19.262580+00:00,32.26258,TDTR
2024-02-23 14:50:44+00:00,2024-02-23 14:51:16.212492+00:00,32.212492,NATX
2024-02-23 14:05:44+00:00,2024-02-23 14:06:16.175215+00:00,32.175215,SCGL
2024-02-23 13:51:53+00:00,2024-02-23 13:52:25.166790+00:00,32.16679,SWWD
2024-02-23 14:56:01+00:00,2024-02-23 14:56:33.166340+00:00,32.16634,SWWD
2024-02-23 14:00:08+00:00,2024-02-23 14:00:40.160165+00:00,32.160165,SWCO
2024-02-23 13:45:14+00:00,2024-02-23 13:45:46.143036+00:00,32.143036,FBRI
2024-02-23 14:31:12+00:00,2024-02-23 14:31:44.125566+00:00,32.125566,FSRV
2024-02-23 14:31:12+00:00,2024-02-23 14:31:44.125566+00:00,32.125566,SWWD
2024-02-23 14:23:59+00:00,2024-02-23 14:24:31.119753+00:00,32.119753,SCGL
2024-02-23 13:52:14+00:00,2024-02-23 13:52:46.117210+00:00,32.11721,COAC
2024-02-23 13:57:51+00:00,2024-02-23 13:58:23.096829+00:00,32.096829,FSRV
2024-02-23 14:13:27+00:00,2024-02-23 14:13:58.958844+00:00,31.958844,COAC
2024-02-23 14:13:06+00:00,2024-02-23 14:13:37.889684+00:00,31.889684,FSRV
2024-02-23 14:36:29+00:00,2024-02-23 14:37:00.782030+00:00,31.78203,SWWD
2024-02-23 14:03:07+00:00,2024-02-23 14:03:38.773620+00:00,31.77362,SWWD
2024-02-23 13:44:43+00:00,2024-02-23 13:45:14.729445+00:00,31.729445,TDTR
2024-02-23 13:34:25+00:00,2024-02-23 13:34:56.689966+00:00,31.689966,TDTR
2024-02-23 13:31:48+00:00,2024-02-23 13:32:19.608194+00:00,31.608194,FSRV
2024-02-23 13:31:48+00:00,2024-02-23 13:32:19.608194+00:00,31.608194,FRMN
2024-02-23 13:32:51+00:00,2024-02-23 13:33:22.492733+00:00,31.492733,TDTR
2024-02-23 13:32:51+00:00,2024-02-23 13:33:22.492733+00:00,31.492733,NATX
2024-02-23 14:23:28+00:00,2024-02-23 14:23:59.447114+00:00,31.447114,SWWD
2024-02-23 14:37:01+00:00,2024-02-23 14:37:32.333737+00:00,31.333737,TDTR
2024-02-23 14:37:01+00:00,2024-02-23 14:37:32.333737+00:00,31.333737,TDTR
2024-02-23 14:25:24+00:00,2024-02-23 14:25:55.312172+00:00,31.312172,SWWD
2024-02-23 14:48:59+00:00,2024-02-23 14:49:30.303860+00:00,31.30386,SWWD
2024-02-23 14:06:48+00:00,2024-02-23 14:07:19.283059+00:00,31.283059,TDTR
2024-02-23 14:25:03+00:00,2024-02-23 14:25:34.233974+00:00,31.233974,TDTR
2024-02-23 14:47:24+00:00,2024-02-23 14:47:55.231184+00:00,31.231184,TDTR
2024-02-23 14:57:16+00:00,2024-02-23 14:57:47.171112+00:00,31.171112,SWWD
2024-02-23 13:55:45+00:00,2024-02-23 13:56:16.135240+00:00,31.13524,SWWD
2024-02-23 14:00:30+00:00,2024-02-23 14:01:01.106602+00:00,31.106602,TDTR
2024-02-23 13:52:57+00:00,2024-02-23 13:53:28.085454+00:00,31.085454,SWWD
2024-02-23 13:35:39+00:00,2024-02-23 13:36:10.063244+00:00,31.063244,FSRV
2024-02-23 14:39:30+00:00,2024-02-23 14:40:01.026029+00:00,31.026029,SCGL
2024-02-23 14:19:05+00:00,2024-02-23 14:19:35.993267+00:00,30.993267,FBRI
2024-02-23 13:36:00+00:00,2024-02-23 13:36:30.983514+00:00,30.983514,FBRI
2024-02-23 14:52:52+00:00,2024-02-23 14:53:22.925969+00:00,30.925969,SCSO
2024-02-23 14:29:59+00:00,2024-02-23 14:30:29.908670+00:00,30.90867,NATX
2024-02-23 14:32:06+00:00,2024-02-23 14:32:36.907217+00:00,30.907217,TDTR
2024-02-23 14:43:22+00:00,2024-02-23 14:43:52.845071+00:00,30.845071,FSRV
2024-02-23 14:45:39+00:00,2024-02-23 14:46:09.819722+00:00,30.819722,BZCO
2024-02-23 14:36:51+00:00,2024-02-23 14:37:21.814605+00:00,30.814605,SWWD
2024-02-23 14:36:51+00:00,2024-02-23 14:37:21.814605+00:00,30.814605,SWWD
2024-02-23 14:51:38+00:00,2024-02-23 14:52:08.798945+00:00,30.798945,SWWD
2024-02-23 13:55:56+00:00,2024-02-23 13:56:26.778535+00:00,30.778535,SWWD
2024-02-23 14:59:55+00:00,2024-02-23 15:00:25.746669+00:00,30.746669,NATX
2024-02-23 14:02:47+00:00,2024-02-23 14:03:17.735020+00:00,30.73502,SCSO
2024-02-23 14:40:23+00:00,2024-02-23 14:40:53.725115+00:00,30.725115,FSRV
2024-02-23 14:26:49+00:00,2024-02-23 14:27:19.720012+00:00,30.720012,NAKL
2024-02-23 14:54:38+00:00,2024-02-23 14:55:08.693767+00:00,30.693767,SWWD
2024-02-23 14:03:50+00:00,2024-02-23 14:04:20.692807+00:00,30.692807,TDTR
2024-02-23 14:01:44+00:00,2024-02-23 14:02:14.617548+00:00,30.617548,FBRI
2024-02-23 14:11:22+00:00,2024-02-23 14:11:52.611358+00:00,30.611358,NATX
2024-02-23 13:31:49+00:00,2024-02-23 13:32:19.608194+00:00,30.608194,FRMN
2024-02-23 13:31:49+00:00,2024-02-23 13:32:19.608194+00:00,30.608194,FBRI
2024-02-23 13:34:47+00:00,2024-02-23 13:35:17.600939+00:00,30.600939,SWWD
2024-02-23 14:55:52+00:00,2024-02-23 14:56:22.598144+00:00,30.598144,TDTR
2024-02-23 14:14:21+00:00,2024-02-23 14:14:51.579951+00:00,30.579951,FBRI
2024-02-23 14:01:02+00:00,2024-02-23 14:01:32.543766+00:00,30.543766,SWWD
2024-02-23 14:09:58+00:00,2024-02-23 14:10:28.520798+00:00,30.520798,TDTR
2024-02-23 13:36:32+00:00,2024-02-23 13:37:02.506566+00:00,30.506566,FBRI
2024-02-23 13:41:46+00:00,2024-02-23 13:42:16.394633+00:00,30.394633,SCSO
2024-02-23 13:39:30+00:00,2024-02-23 13:40:00.366620+00:00,30.36662,TDTR
2024-02-23 14:45:29+00:00,2024-02-23 14:45:59.283000+00:00,30.283,BZCO
2024-02-23 14:07:10+00:00,2024-02-23 14:07:40.282376+00:00,30.282376,TDTR
2024-02-23 14:07:10+00:00,2024-02-23 14:07:40.282376+00:00,30.282376,TDTR
2024-02-23 14:07:10+00:00,2024-02-23 14:07:40.282376+00:00,30.282376,SWWD
2024-02-23 14:07:10+00:00,2024-02-23 14:07:40.282376+00:00,30.282376,TDTR
2024-02-23 14:12:15+00:00,2024-02-23 14:12:45.232582+00:00,30.232582,FBRI
2024-02-23 13:34:58+00:00,2024-02-23 13:35:28.207393+00:00,30.207393,SWWD
2024-02-23 14:14:53+00:00,2024-02-23 14:15:23.191442+00:00,30.191442,TDTR
2024-02-23 13:51:55+00:00,2024-02-23 13:52:25.166790+00:00,30.16679,TDTR
2024-02-23 14:00:10+00:00,2024-02-23 14:00:40.160165+00:00,30.160165,SWWD
2024-02-23 14:14:11+00:00,2024-02-23 14:14:41.041076+00:00,30.041076,TDTR
2024-02-23 14:32:28+00:00,2024-02-23 14:32:58.037619+00:00,30.037619,NATX
2024-02-23 14:13:50+00:00,2024-02-23 14:14:19.985669+00:00,29.985669,FBRI
2024-02-23 14:15:25+00:00,2024-02-23 14:15:54.958866+00:00,29.958866,TDTR
2024-02-23 14:13:29+00:00,2024-02-23 14:13:58.958844+00:00,29.958844,COAC
2024-02-23 14:52:53+00:00,2024-02-23 14:53:22.925969+00:00,29.925969,SCGL
2024-02-23 14:52:53+00:00,2024-02-23 14:53:22.925969+00:00,29.925969,SWWD
2024-02-23 14:39:10+00:00,2024-02-23 14:39:39.910231+00:00,29.910231,FSRV
2024-02-23 14:43:44+00:00,2024-02-23 14:44:13.867628+00:00,29.867628,NATX
2024-02-23 14:08:03+00:00,2024-02-23 14:08:32.837683+00:00,29.837683,TDTR
2024-02-23 13:50:42+00:00,2024-02-23 13:51:11.834629+00:00,29.834629,NATX
2024-02-23 14:38:28+00:00,2024-02-23 14:38:57.824173+00:00,29.824173,FBRI
2024-02-23 14:36:52+00:00,2024-02-23 14:37:21.814605+00:00,29.814605,SWWD
2024-02-23 14:07:00+00:00,2024-02-23 14:07:29.797015+00:00,29.797015,FBRI
2024-02-23 14:12:26+00:00,2024-02-23 14:12:55.780272+00:00,29.780272,TDTR
2024-02-23 14:40:45+00:00,2024-02-23 14:41:14.731537+00:00,29.731537,SWWD
2024-02-23 14:40:45+00:00,2024-02-23 14:41:14.731537+00:00,29.731537,SWWD
2024-02-23 14:24:54+00:00,2024-02-23 14:25:23.726419+00:00,29.726419,FSRV
2024-02-23 13:48:36+00:00,2024-02-23 13:49:05.640640+00:00,29.64064,TDTR
2024-02-23 14:35:49+00:00,2024-02-23 14:36:18.636093+00:00,29.636093,NAKL
2024-02-23 13:31:50+00:00,2024-02-23 13:32:19.608194+00:00,29.608194,TDTR
2024-02-23 13:31:50+00:00,2024-02-23 13:32:19.608194+00:00,29.608194,FSRV
2024-02-23 13:31:50+00:00,2024-02-23 13:32:19.608194+00:00,29.608194,WBCT
2024-02-23 13:31:50+00:00,2024-02-23 13:32:19.608194+00:00,29.608194,FBRI
2024-02-23 14:48:50+00:00,2024-02-23 14:49:19.599615+00:00,29.599615,SCSO
2024-02-23 14:14:01+00:00,2024-02-23 14:14:30.573216+00:00,29.573216,FBRI
2024-02-23 14:46:12+00:00,2024-02-23 14:46:41.516907+00:00,29.516907,SWCO
2024-02-23 13:32:53+00:00,2024-02-23 13:33:22.492733+00:00,29.492733,SCSO
2024-02-23 14:18:35+00:00,2024-02-23 14:19:04.485360+00:00,29.48536,TDTR
2024-02-23 14:17:53+00:00,2024-02-23 14:18:22.476039+00:00,29.476039,TDTR
2024-02-23 14:17:53+00:00,2024-02-23 14:18:22.476039+00:00,29.476039,TDTR
2024-02-23 14:15:36+00:00,2024-02-23 14:16:05.453641+00:00,29.453641,TDTR
2024-02-23 13:41:26+00:00,2024-02-23 13:41:55.444962+00:00,29.444962,FSRV
2024-02-23 14:39:00+00:00,2024-02-23 14:39:29.398088+00:00,29.398088,FBRI
2024-02-23 14:45:51+00:00,2024-02-23 14:46:20.390620+00:00,29.39062,SCGL
2024-02-23 14:43:55+00:00,2024-02-23 14:44:24.370485+00:00,29.370485,NATX
2024-02-23 15:00:07+00:00,2024-02-23 15:00:36.328655+00:00,29.328655,TDTR
2024-02-23 13:50:32+00:00,2024-02-23 13:51:01.326818+00:00,29.326818,NATX
2024-02-23 14:20:31+00:00,2024-02-23 14:21:00.321355+00:00,29.321355,FBRI
2024-02-23 14:03:20+00:00,2024-02-23 14:03:49.277921+00:00,29.277921,FBRI
2024-02-23 14:54:50+00:00,2024-02-23 14:55:19.219354+00:00,29.219354,NATX
2024-02-23 14:03:41+00:00,2024-02-23 14:04:10.211449+00:00,29.211449,WDBC
2024-02-23 15:02:46+00:00,2024-02-23 15:03:15.203916+00:00,29.203916,BLUS
2024-02-23 14:44:48+00:00,2024-02-23 14:45:17.181805+00:00,29.181805,SCSO
2024-02-23 14:21:45+00:00,2024-02-23 14:22:14.166965+00:00,29.166965,TDTR
2024-02-23 14:10:10+00:00,2024-02-23 14:10:39.040462+00:00,29.040462,TDTR
2024-02-23 15:02:25+00:00,2024-02-23 15:02:54.033961+00:00,29.033961,SWWD
2024-02-23 15:02:25+00:00,2024-02-23 15:02:54.033961+00:00,29.033961,SWWD
2024-02-23 14:30:22+00:00,2024-02-23 14:30:51.033101+00:00,29.033101,SWWD
2024-02-23 14:13:51+00:00,2024-02-23 14:14:19.985669+00:00,28.985669,SWWD
2024-02-23 14:53:47+00:00,2024-02-23 14:54:15.925680+00:00,28.92568,FSRV
2024-02-23 14:30:01+00:00,2024-02-23 14:30:29.908670+00:00,28.90867,NATX
2024-02-23 13:58:47+00:00,2024-02-23 13:59:15.901663+00:00,28.901663,TDTR
2024-02-23 14:44:06+00:00,2024-02-23 14:44:34.891324+00:00,28.891324,SWWD
2024-02-23 14:43:45+00:00,2024-02-23 14:44:13.867628+00:00,28.867628,NATX
2024-02-23 14:27:12+00:00,2024-02-23 14:27:40.862685+00:00,28.862685,SCGL
2024-02-23 14:22:17+00:00,2024-02-23 14:22:45.852339+00:00,28.852339,SWWD
2024-02-23 13:42:19+00:00,2024-02-23 13:42:47.822727+00:00,28.822727,TDTR
2024-02-23 14:36:53+00:00,2024-02-23 14:37:21.814605+00:00,28.814605,TDTR
2024-02-23 14:36:53+00:00,2024-02-23 14:37:21.814605+00:00,28.814605,TDTR
2024-02-23 14:36:53+00:00,2024-02-23 14:37:21.814605+00:00,28.814605,TDTR
2024-02-23 14:36:53+00:00,2024-02-23 14:37:21.814605+00:00,28.814605,FBRI
2024-02-23 14:36:53+00:00,2024-02-23 14:37:21.814605+00:00,28.814605,FBRI
2024-02-23 14:36:53+00:00,2024-02-23 14:37:21.814605+00:00,28.814605,TDTR
2024-02-23 14:07:01+00:00,2024-02-23 14:07:29.797015+00:00,28.797015,TDTR
2024-02-23 15:02:57+00:00,2024-02-23 15:03:25.783068+00:00,28.783068,SWWD
2024-02-23 14:45:20+00:00,2024-02-23 14:45:48.754373+00:00,28.754373,TDTR
2024-02-23 14:40:46+00:00,2024-02-23 14:41:14.731537+00:00,28.731537,FSRV
2024-02-23 13:44:46+00:00,2024-02-23 13:45:14.729445+00:00,28.729445,SCGL
2024-02-23 13:50:22+00:00,2024-02-23 13:50:50.724500+00:00,28.7245,SWWD
2024-02-23 13:34:28+00:00,2024-02-23 13:34:56.689966+00:00,28.689966,SWWD
2024-02-23 13:35:10+00:00,2024-02-23 13:35:38.661482+00:00,28.661482,FSRV
2024-02-23 14:01:25+00:00,2024-02-23 14:01:53.621585+00:00,28.621585,SWWD
2024-02-23 13:31:51+00:00,2024-02-23 13:32:19.608194+00:00,28.608194,FSRV
2024-02-23 13:31:51+00:00,2024-02-23 13:32:19.608194+00:00,28.608194,SCGL
2024-02-23 13:31:51+00:00,2024-02-23 13:32:19.608194+00:00,28.608194,SWWD
2024-02-23 13:31:51+00:00,2024-02-23 13:32:19.608194+00:00,28.608194,FRMN
2024-02-23 13:34:49+00:00,2024-02-23 13:35:17.600939+00:00,28.600939,TDTR
2024-02-23 14:23:52+00:00,2024-02-23 14:24:20.589005+00:00,28.589005,TDTR
2024-02-23 14:57:08+00:00,2024-02-23 14:57:36.585139+00:00,28.585139,SWWD
2024-02-23 14:48:30+00:00,2024-02-23 14:48:58.530019+00:00,28.530019,FBRI
2024-02-23 13:57:44+00:00,2024-02-23 13:58:12.470008+00:00,28.470008,TDTR
2024-02-23 14:15:37+00:00,2024-02-23 14:16:05.453641+00:00,28.453641,FBRI
2024-02-23 14:49:23+00:00,2024-02-23 14:49:51.411340+00:00,28.41134,FSRV
2024-02-23 13:41:48+00:00,2024-02-23 13:42:16.394633+00:00,28.394633,SCSO
2024-02-23 14:45:52+00:00,2024-02-23 14:46:20.390620+00:00,28.39062,SCSO
2024-02-23 14:25:48+00:00,2024-02-23 14:26:16.375821+00:00,28.375821,FRMN
2024-02-23 14:57:40+00:00,2024-02-23 14:58:08.374267+00:00,28.374267,NATX
2024-02-23 14:37:04+00:00,2024-02-23 14:37:32.333737+00:00,28.333737,SWWD
2024-02-23 14:37:04+00:00,2024-02-23 14:37:32.333737+00:00,28.333737,TDTR
2024-02-23 14:17:12+00:00,2024-02-23 14:17:40.329758+00:00,28.329758,SWWD
2024-02-23 14:07:12+00:00,2024-02-23 14:07:40.282376+00:00,28.282376,SWWD
2024-02-23 14:07:12+00:00,2024-02-23 14:07:40.282376+00:00,28.282376,SWWD
2024-02-23 13:58:16+00:00,2024-02-23 13:58:44.279278+00:00,28.279278,SWWD
2024-02-23 14:36:22+00:00,2024-02-23 14:36:50.263365+00:00,28.263365,TDTR
2024-02-23 14:06:30+00:00,2024-02-23 14:06:58.256403+00:00,28.256403,TDTR
2024-02-23 14:27:02+00:00,2024-02-23 14:27:30.243296+00:00,28.243296,SWWD
2024-02-23 13:51:15+00:00,2024-02-23 13:51:43.231807+00:00,28.231807,SWWD
2024-02-23 14:58:54+00:00,2024-02-23 14:59:22.224791+00:00,28.224791,TDTR
2024-02-23 14:58:54+00:00,2024-02-23 14:59:22.224791+00:00,28.224791,SWCO
2024-02-23 13:47:24+00:00,2024-02-23 13:47:52.220850+00:00,28.22085,NATX
2024-02-23 14:24:45+00:00,2024-02-23 14:25:13.212605+00:00,28.212605,SWWD
2024-02-23 14:03:42+00:00,2024-02-23 14:04:10.211449+00:00,28.211449,TDTR
2024-02-23 15:02:47+00:00,2024-02-23 15:03:15.203916+00:00,28.203916,SWWD
2024-02-23 14:57:19+00:00,2024-02-23 14:57:47.171112+00:00,28.171112,SCSO
2024-02-23 14:21:46+00:00,2024-02-23 14:22:14.166965+00:00,28.166965,FSRV
2024-02-23 14:24:03+00:00,2024-02-23 14:24:31.119753+00:00,28.119753,FBRI
2024-02-23 14:01:57+00:00,2024-02-23 14:02:25.117122+00:00,28.117122,NATX
2024-02-23 14:14:34+00:00,2024-02-23 14:15:02.112305+00:00,28.112305,FRMN
2024-02-23 14:15:48+00:00,2024-02-23 14:16:16.101893+00:00,28.101893,FSRV
2024-02-23 14:53:16+00:00,2024-02-23 14:53:44.084382+00:00,28.084382,SWWD
2024-02-23 14:46:24+00:00,2024-02-23 14:46:52.023356+00:00,28.023356,NATX
2024-02-23 14:27:34+00:00,2024-02-23 14:28:02.022131+00:00,28.022131,NATX
2024-02-23 14:13:52+00:00,2024-02-23 14:14:19.985669+00:00,27.985669,SCSO
2024-02-23 14:46:03+00:00,2024-02-23 14:46:30.968861+00:00,27.968861,SWWD
2024-02-23 14:59:05+00:00,2024-02-23 14:59:32.897793+00:00,27.897793,SCGL
2024-02-23 15:02:05+00:00,2024-02-23 15:02:32.877440+00:00,27.87744,TDTR
2024-02-23 14:20:43+00:00,2024-02-23 14:21:10.838286+00:00,27.838286,FBRI
2024-02-23 14:08:05+00:00,2024-02-23 14:08:32.837683+00:00,27.837683,WDBC
2024-02-23 14:36:54+00:00,2024-02-23 14:37:21.814605+00:00,27.814605,ABUS
2024-02-23 14:36:54+00:00,2024-02-23 14:37:21.814605+00:00,27.814605,BZCO
2024-02-23 14:36:54+00:00,2024-02-23 14:37:21.814605+00:00,27.814605,FSRV
2024-02-23 13:55:59+00:00,2024-02-23 13:56:26.778535+00:00,27.778535,SWWD
2024-02-23 14:24:56+00:00,2024-02-23 14:25:23.726419+00:00,27.726419,TDTR
2024-02-23 13:47:56+00:00,2024-02-23 13:48:23.716233+00:00,27.716233,NATX
2024-02-23 13:51:47+00:00,2024-02-23 13:52:14.681449+00:00,27.681449,SCGL
2024-02-23 14:00:02+00:00,2024-02-23 14:00:29.654369+00:00,27.654369,FBRI
2024-02-23 14:26:31+00:00,2024-02-23 14:26:58.646000+00:00,27.646,SCGL
2024-02-23 14:26:31+00:00,2024-02-23 14:26:58.646000+00:00,27.646,SWWD
2024-02-23 14:04:35+00:00,2024-02-23 14:05:02.639795+00:00,27.639795,TDTR
2024-02-23 13:49:20+00:00,2024-02-23 13:49:47.636780+00:00,27.63678,SWWD
2024-02-23 14:00:23+00:00,2024-02-23 14:00:50.627924+00:00,27.627924,SWWD
2024-02-23 14:01:47+00:00,2024-02-23 14:02:14.617548+00:00,27.617548,SCSO
2024-02-23 14:24:14+00:00,2024-02-23 14:24:41.614424+00:00,27.614424,NATX
2024-02-23 13:31:52+00:00,2024-02-23 13:32:19.608194+00:00,27.608194,SWWD
2024-02-23 13:31:52+00:00,2024-02-23 13:32:19.608194+00:00,27.608194,TDTR
2024-02-23 13:31:52+00:00,2024-02-23 13:32:19.608194+00:00,27.608194,FSRV
2024-02-23 13:45:50+00:00,2024-02-23 13:46:17.605824+00:00,27.605824,SCSO
2024-02-23 13:34:50+00:00,2024-02-23 13:35:17.600939+00:00,27.600939,TDTR
2024-02-23 14:00:44+00:00,2024-02-23 14:01:11.600698+00:00,27.600698,SCGL
2024-02-23 13:40:46+00:00,2024-02-23 13:41:13.600065+00:00,27.600065,SCSO
2024-02-23 13:53:53+00:00,2024-02-23 13:54:20.589939+00:00,27.589939,FSRV
2024-02-23 14:46:35+00:00,2024-02-23 14:47:02.583619+00:00,27.583619,WDBC
2024-02-23 14:14:24+00:00,2024-02-23 14:14:51.579951+00:00,27.579951,FRMN
2024-02-23 14:14:24+00:00,2024-02-23 14:14:51.579951+00:00,27.579951,FRMN
2024-02-23 14:09:40+00:00,2024-02-23 14:10:07.503351+00:00,27.503351,SWWD
2024-02-23 13:35:53+00:00,2024-02-23 13:36:20.500447+00:00,27.500447,SCSO
2024-02-23 13:32:55+00:00,2024-02-23 13:33:22.492733+00:00,27.492733,SCSO
2024-02-23 14:44:18+00:00,2024-02-23 14:44:45.477887+00:00,27.477887,FBRI
2024-02-23 14:59:16+00:00,2024-02-23 14:59:43.477487+00:00,27.477487,SWWD
2024-02-23 14:17:55+00:00,2024-02-23 14:18:22.476039+00:00,27.476039,SWWD
2024-02-23 14:17:55+00:00,2024-02-23 14:18:22.476039+00:00,27.476039,SWWD
2024-02-23 14:23:32+00:00,2024-02-23 14:23:59.447114+00:00,27.447114,SWWD
2024-02-23 14:47:49+00:00,2024-02-23 14:48:16.413637+00:00,27.413637,SCSO
2024-02-23 14:51:52+00:00,2024-02-23 14:52:19.406958+00:00,27.406958,SCSO
2024-02-23 14:27:24+00:00,2024-02-23 14:27:51.390267+00:00,27.390267,SWWD
2024-02-23 14:55:34+00:00,2024-02-23 14:56:01.382201+00:00,27.382201,FSRV
2024-02-23 14:25:49+00:00,2024-02-23 14:26:16.375821+00:00,27.375821,SCSO
2024-02-23 14:25:49+00:00,2024-02-23 14:26:16.375821+00:00,27.375821,SCSO
2024-02-23 14:22:50+00:00,2024-02-23 14:23:17.374284+00:00,27.374284,WBCT
2024-02-23 14:15:17+00:00,2024-02-23 14:15:44.371048+00:00,27.371048,NAKL
2024-02-23 14:17:34+00:00,2024-02-23 14:18:01.317860+00:00,27.31786,SCSO
2024-02-23 13:44:16+00:00,2024-02-23 13:44:43.310695+00:00,27.310695,SWWD
2024-02-23 14:07:13+00:00,2024-02-23 14:07:40.282376+00:00,27.282376,FSRV
2024-02-23 14:07:13+00:00,2024-02-23 14:07:40.282376+00:00,27.282376,TDTR
2024-02-23 13:49:52+00:00,2024-02-23 13:50:19.261875+00:00,27.261875,TDTR
2024-02-23 13:49:52+00:00,2024-02-23 13:50:19.261875+00:00,27.261875,SCSO
2024-02-23 13:46:22+00:00,2024-02-23 13:46:49.216173+00:00,27.216173,FSRV
2024-02-23 14:24:46+00:00,2024-02-23 14:25:13.212605+00:00,27.212605,NATX
2024-02-23 15:01:34+00:00,2024-02-23 15:02:01.204000+00:00,27.204,SWWD
2024-02-23 15:02:48+00:00,2024-02-23 15:03:15.203916+00:00,27.203916,SWWD
2024-02-23 15:02:48+00:00,2024-02-23 15:03:15.203916+00:00,27.203916,TDTR
2024-02-23 15:02:48+00:00,2024-02-23 15:03:15.203916+00:00,27.203916,SWWD
2024-02-23 13:47:46+00:00,2024-02-23 13:48:13.195859+00:00,27.195859,SWWD
2024-02-23 14:05:49+00:00,2024-02-23 14:06:16.175215+00:00,27.175215,SCSO
2024-02-23 14:05:49+00:00,2024-02-23 14:06:16.175215+00:00,27.175215,SCSO
2024-02-23 14:56:06+00:00,2024-02-23 14:56:33.166340+00:00,27.16634,SWWD
2024-02-23 13:37:59+00:00,2024-02-23 13:38:26.153992+00:00,27.153992,TDTR
2024-02-23 13:55:49+00:00,2024-02-23 13:56:16.135240+00:00,27.13524,SCSO
2024-02-23 14:24:04+00:00,2024-02-23 14:24:31.119753+00:00,27.119753,TDTR
2024-02-23 14:00:34+00:00,2024-02-23 14:01:01.106602+00:00,27.106602,SWWD
2024-02-23 13:57:56+00:00,2024-02-23 13:58:23.096829+00:00,27.096829,TDTR
2024-02-23 13:53:01+00:00,2024-02-23 13:53:28.085454+00:00,27.085454,FBRI
2024-02-23 14:48:42+00:00,2024-02-23 14:49:09.079509+00:00,27.079509,SWWD
2024-02-23 13:40:57+00:00,2024-02-23 13:41:24.064495+00:00,27.064495,NATX
2024-02-23 13:54:25+00:00,2024-02-23 13:54:52.049567+00:00,27.049567,SCGL
2024-02-23 13:43:03+00:00,2024-02-23 13:43:30.028935+00:00,27.028935,TDTR
2024-02-23 14:56:59+00:00,2024-02-23 14:57:26.027210+00:00,27.02721,SCSO
2024-02-23 14:09:51+00:00,2024-02-23 14:10:18.010234+00:00,27.010234,SCSO
2024-02-23 14:09:51+00:00,2024-02-23 14:10:18.010234+00:00,27.010234,SCSO
2024-02-23 14:19:09+00:00,2024-02-23 14:19:35.993267+00:00,26.993267,SWWD
2024-02-23 14:13:53+00:00,2024-02-23 14:14:19.985669+00:00,26.985669,SCSO
2024-02-23 14:18:06+00:00,2024-02-23 14:18:32.984742+00:00,26.984742,NATX
2024-02-23 14:46:04+00:00,2024-02-23 14:46:30.968861+00:00,26.968861,SWWD
2024-02-23 14:48:00+00:00,2024-02-23 14:48:26.942957+00:00,26.942957,TDTR
2024-02-23 14:23:22+00:00,2024-02-23 14:23:48.942809+00:00,26.942809,TDTR
2024-02-23 13:56:21+00:00,2024-02-23 13:56:47.931119+00:00,26.931119,TDTR
2024-02-23 14:52:56+00:00,2024-02-23 14:53:22.925969+00:00,26.925969,SCSO
2024-02-23 14:37:37+00:00,2024-02-23 14:38:03.924322+00:00,26.924322,SCGL
2024-02-23 14:59:06+00:00,2024-02-23 14:59:32.897793+00:00,26.897793,TDTR
2024-02-23 13:42:00+00:00,2024-02-23 13:42:26.868324+00:00,26.868324,SWWD
2024-02-23 14:43:47+00:00,2024-02-23 14:44:13.867628+00:00,26.867628,SWWD
2024-02-23 14:43:47+00:00,2024-02-23 14:44:13.867628+00:00,26.867628,SCSO
2024-02-23 14:08:27+00:00,2024-02-23 14:08:53.856719+00:00,26.856719,NATX
2024-02-23 14:43:26+00:00,2024-02-23 14:43:52.845071+00:00,26.845071,SWWD
2024-02-23 13:42:21+00:00,2024-02-23 13:42:47.822727+00:00,26.822727,TDTR
2024-02-23 14:50:28+00:00,2024-02-23 14:50:54.821154+00:00,26.821154,NATX
2024-02-23 14:36:55+00:00,2024-02-23 14:37:21.814605+00:00,26.814605,FSRV
2024-02-23 14:36:55+00:00,2024-02-23 14:37:21.814605+00:00,26.814605,TDTR
2024-02-23 14:36:55+00:00,2024-02-23 14:37:21.814605+00:00,26.814605,SWWD
2024-02-23 14:36:55+00:00,2024-02-23 14:37:21.814605+00:00,26.814605,SWWD
2024-02-23 14:36:55+00:00,2024-02-23 14:37:21.814605+00:00,26.814605,FSRV
2024-02-23 14:36:55+00:00,2024-02-23 14:37:21.814605+00:00,26.814605,TDTR
2024-02-23 14:36:55+00:00,2024-02-23 14:37:21.814605+00:00,26.814605,SWWD
2024-02-23 14:17:03+00:00,2024-02-23 14:17:29.812048+00:00,26.812048,FRMN
2024-02-23 14:51:42+00:00,2024-02-23 14:52:08.798945+00:00,26.798945,PULH
2024-02-23 14:51:42+00:00,2024-02-23 14:52:08.798945+00:00,26.798945,FBRI
2024-02-23 14:51:42+00:00,2024-02-23 14:52:08.798945+00:00,26.798945,SWWD
2024-02-23 13:46:33+00:00,2024-02-23 13:46:59.776160+00:00,26.77616,SCGL
2024-02-23 14:43:05+00:00,2024-02-23 14:43:31.761137+00:00,26.761137,SCGL
2024-02-23 14:59:59+00:00,2024-02-23 15:00:25.746669+00:00,26.746669,FSRV
2024-02-23 14:59:59+00:00,2024-02-23 15:00:25.746669+00:00,26.746669,NATX
2024-02-23 14:59:59+00:00,2024-02-23 15:00:25.746669+00:00,26.746669,NATX
2024-02-23 14:59:59+00:00,2024-02-23 15:00:25.746669+00:00,26.746669,NATX
2024-02-23 14:02:51+00:00,2024-02-23 14:03:17.735020+00:00,26.73502,SCSO
2024-02-23 14:40:48+00:00,2024-02-23 14:41:14.731537+00:00,26.731537,SWWD
2024-02-23 14:40:48+00:00,2024-02-23 14:41:14.731537+00:00,26.731537,TDTR
2024-02-23 13:44:48+00:00,2024-02-23 13:45:14.729445+00:00,26.729445,SCSO
2024-02-23 13:44:48+00:00,2024-02-23 13:45:14.729445+00:00,26.729445,NATX
2024-02-23 13:44:48+00:00,2024-02-23 13:45:14.729445+00:00,26.729445,NATX
2024-02-23 14:24:57+00:00,2024-02-23 14:25:23.726419+00:00,26.726419,SWWD
2024-02-23 14:54:42+00:00,2024-02-23 14:55:08.693767+00:00,26.693767,TDTR
2024-02-23 14:42:44+00:00,2024-02-23 14:43:10.678515+00:00,26.678515,FSRV
2024-02-23 13:45:30+00:00,2024-02-23 13:45:56.648944+00:00,26.648944,FBRI
2024-02-23 14:46:57+00:00,2024-02-23 14:47:23.611463+00:00,26.611463,TDTR
2024-02-23 14:46:57+00:00,2024-02-23 14:47:23.611463+00:00,26.611463,TDTR
2024-02-23 13:31:53+00:00,2024-02-23 13:32:19.608194+00:00,26.608194,SCGL
2024-02-23 13:31:53+00:00,2024-02-23 13:32:19.608194+00:00,26.608194,SCSO
2024-02-23 13:31:53+00:00,2024-02-23 13:32:19.608194+00:00,26.608194,SCGL
2024-02-23 13:58:07+00:00,2024-02-23 13:58:33.602462+00:00,26.602462,NATX
2024-02-23 13:34:51+00:00,2024-02-23 13:35:17.600939+00:00,26.600939,FRMN
2024-02-23 13:34:51+00:00,2024-02-23 13:35:17.600939+00:00,26.600939,FSRV
2024-02-23 13:40:47+00:00,2024-02-23 13:41:13.600065+00:00,26.600065,NATX
2024-02-23 13:53:54+00:00,2024-02-23 13:54:20.589939+00:00,26.589939,SCSO
2024-02-23 13:53:54+00:00,2024-02-23 13:54:20.589939+00:00,26.589939,SCSO
2024-02-23 14:57:10+00:00,2024-02-23 14:57:36.585139+00:00,26.585139,NATX
2024-02-23 14:57:10+00:00,2024-02-23 14:57:36.585139+00:00,26.585139,TDTR
2024-02-23 14:14:25+00:00,2024-02-23 14:14:51.579951+00:00,26.579951,FRMN
2024-02-23 14:14:25+00:00,2024-02-23 14:14:51.579951+00:00,26.579951,TDTR
2024-02-23 14:32:42+00:00,2024-02-23 14:33:08.578095+00:00,26.578095,SWWD
2024-02-23 14:59:38+00:00,2024-02-23 15:00:04.577015+00:00,26.577015,TDTR
2024-02-23 15:03:52+00:00,2024-02-23 15:04:18.547589+00:00,26.547589,SCSO
2024-02-23 14:52:14+00:00,2024-02-23 14:52:40.544823+00:00,26.544823,SWWD
2024-02-23 13:35:54+00:00,2024-02-23 13:36:20.500447+00:00,26.500447,SCSO
2024-02-23 13:42:53+00:00,2024-02-23 13:43:19.495020+00:00,26.49502,WDBC
2024-02-23 14:59:17+00:00,2024-02-23 14:59:43.477487+00:00,26.477487,TDTR
2024-02-23 14:17:56+00:00,2024-02-23 14:18:22.476039+00:00,26.476039,SWWD
2024-02-23 13:39:13+00:00,2024-02-23 13:39:39.462909+00:00,26.462909,TDTR
2024-02-23 14:15:39+00:00,2024-02-23 14:16:05.453641+00:00,26.453641,TDTR
2024-02-23 14:15:39+00:00,2024-02-23 14:16:05.453641+00:00,26.453641,TDTR
2024-02-23 14:15:39+00:00,2024-02-23 14:16:05.453641+00:00,26.453641,WDBC
2024-02-23 13:56:32+00:00,2024-02-23 13:56:58.438783+00:00,26.438783,TDTR
2024-02-23 14:49:25+00:00,2024-02-23 14:49:51.411340+00:00,26.41134,TDTR
2024-02-23 14:57:42+00:00,2024-02-23 14:58:08.374267+00:00,26.374267,SWWD
2024-02-23 13:43:56+00:00,2024-02-23 13:44:22.372967+00:00,26.372967,TDTR
2024-02-23 14:43:37+00:00,2024-02-23 14:44:03.355808+00:00,26.355808,SWWD
2024-02-23 14:08:17+00:00,2024-02-23 14:08:43.348266+00:00,26.348266,FRMN
2024-02-23 14:37:06+00:00,2024-02-23 14:37:32.333737+00:00,26.333737,BLUS
2024-02-23 14:17:14+00:00,2024-02-23 14:17:40.329758+00:00,26.329758,SWWD
2024-02-23 14:07:14+00:00,2024-02-23 14:07:40.282376+00:00,26.282376,SWWD
2024-02-23 14:07:14+00:00,2024-02-23 14:07:40.282376+00:00,26.282376,SWWD
2024-02-23 14:03:23+00:00,2024-02-23 14:03:49.277921+00:00,26.277921,SCGL
2024-02-23 13:39:55+00:00,2024-02-23 13:40:21.272766+00:00,26.272766,SCSO
2024-02-23 14:55:14+00:00,2024-02-23 14:55:40.268118+00:00,26.268118,TDTR
2024-02-23 14:16:53+00:00,2024-02-23 14:17:19.262580+00:00,26.26258,FSRV
2024-02-23 13:49:53+00:00,2024-02-23 13:50:19.261875+00:00,26.261875,SWWD
2024-02-23 13:46:44+00:00,2024-02-23 13:47:10.256722+00:00,26.256722,TDTR
2024-02-23 13:37:39+00:00,2024-02-23 13:38:05.232621+00:00,26.232621,NATX
2024-02-23 13:51:17+00:00,2024-02-23 13:51:43.231807+00:00,26.231807,NATX
2024-02-23 14:30:46+00:00,2024-02-23 14:31:12.221040+00:00,26.22104,SWWD
2024-02-23 14:54:53+00:00,2024-02-23 14:55:19.219354+00:00,26.219354,SCSO
2024-02-23 15:01:03+00:00,2024-02-23 15:01:29.214645+00:00,26.214645,TDTR
2024-02-23 14:03:44+00:00,2024-02-23 14:04:10.211449+00:00,26.211449,TDTR
2024-02-23 14:36:03+00:00,2024-02-23 14:36:29.195617+00:00,26.195617,TDTR
2024-02-23 13:49:11+00:00,2024-02-23 13:49:37.177919+00:00,26.177919,NATX
2024-02-23 13:49:11+00:00,2024-02-23 13:49:37.177919+00:00,26.177919,SWWD
2024-02-23 14:05:08+00:00,2024-02-23 14:05:34.154421+00:00,26.154421,SWWD
2024-02-23 14:32:53+00:00,2024-02-23 14:33:19.150402+00:00,26.150402,SCGL
2024-02-23 14:32:53+00:00,2024-02-23 14:33:19.150402+00:00,26.150402,SCSO
2024-02-23 14:32:53+00:00,2024-02-23 14:33:19.150402+00:00,26.150402,TDTR
2024-02-23 14:32:53+00:00,2024-02-23 14:33:19.150402+00:00,26.150402,SCSO
2024-02-23 14:50:18+00:00,2024-02-23 14:50:44.141920+00:00,26.14192,TDTR
2024-02-23 14:59:49+00:00,2024-02-23 15:00:15.140177+00:00,26.140177,NATX
2024-02-23 14:59:49+00:00,2024-02-23 15:00:15.140177+00:00,26.140177,NATX
2024-02-23 14:59:49+00:00,2024-02-23 15:00:15.140177+00:00,26.140177,NATX
2024-02-23 14:59:49+00:00,2024-02-23 15:00:15.140177+00:00,26.140177,NATX
2024-02-23 13:55:29+00:00,2024-02-23 13:55:55.115234+00:00,26.115234,SCSO
2024-02-23 14:14:36+00:00,2024-02-23 14:15:02.112305+00:00,26.112305,TDTR
2024-02-23 14:10:55+00:00,2024-02-23 14:11:21.107446+00:00,26.107446,TDTR
2024-02-23 14:02:20+00:00,2024-02-23 14:02:46.106244+00:00,26.106244,TDTR
2024-02-23 14:15:50+00:00,2024-02-23 14:16:16.101893+00:00,26.101893,FSRV
2024-02-23 14:21:27+00:00,2024-02-23 14:21:53.097006+00:00,26.097006,SWWD
2024-02-23 13:57:57+00:00,2024-02-23 13:58:23.096829+00:00,26.096829,NATX
2024-02-23 14:00:56+00:00,2024-02-23 14:01:22.065834+00:00,26.065834,SWWD
2024-02-23 13:38:42+00:00,2024-02-23 13:39:08.053105+00:00,26.053105,SWWD
2024-02-23 14:28:50+00:00,2024-02-23 14:29:16.049163+00:00,26.049163,SCSO
2024-02-23 14:14:15+00:00,2024-02-23 14:14:41.041076+00:00,26.041076,COAC
2024-02-23 13:54:47+00:00,2024-02-23 13:55:13.020208+00:00,26.020208,NATX
2024-02-23 14:18:07+00:00,2024-02-23 14:18:32.984742+00:00,25.984742,TDTR
2024-02-23 15:03:42+00:00,2024-02-23 15:04:07.978642+00:00,25.978642,TDTR
2024-02-23 14:56:39+00:00,2024-02-23 14:57:04.969084+00:00,25.969084,SWWD
2024-02-23 14:09:31+00:00,2024-02-23 14:09:56.964459+00:00,25.964459,TDTR
2024-02-23 14:15:29+00:00,2024-02-23 14:15:54.958866+00:00,25.958866,TDTR
2024-02-23 14:48:01+00:00,2024-02-23 14:48:26.942957+00:00,25.942957,SWWD
2024-02-23 14:48:01+00:00,2024-02-23 14:48:26.942957+00:00,25.942957,TDTR
2024-02-23 14:23:23+00:00,2024-02-23 14:23:48.942809+00:00,25.942809,TDTR
2024-02-23 13:56:22+00:00,2024-02-23 13:56:47.931119+00:00,25.931119,FRMN
2024-02-23 14:53:50+00:00,2024-02-23 14:54:15.925680+00:00,25.92568,SCGL
2024-02-23 14:53:50+00:00,2024-02-23 14:54:15.925680+00:00,25.92568,SCGL
2024-02-23 14:53:50+00:00,2024-02-23 14:54:15.925680+00:00,25.92568,SCGL
2024-02-23 14:53:50+00:00,2024-02-23 14:54:15.925680+00:00,25.92568,SCGL
2024-02-23 14:53:50+00:00,2024-02-23 14:54:15.925680+00:00,25.92568,SCGL
2024-02-23 14:17:46+00:00,2024-02-23 14:18:11.902429+00:00,25.902429,SWCO
2024-02-23 13:43:46+00:00,2024-02-23 13:44:11.894610+00:00,25.89461,SWCO
2024-02-23 15:03:21+00:00,2024-02-23 15:03:46.880309+00:00,25.880309,TDTR
2024-02-23 14:23:02+00:00,2024-02-23 14:23:27.879654+00:00,25.879654,FRMN
2024-02-23 15:02:07+00:00,2024-02-23 15:02:32.877440+00:00,25.87744,NATX
2024-02-23 13:42:01+00:00,2024-02-23 13:42:26.868324+00:00,25.868324,TDTR
2024-02-23 14:43:48+00:00,2024-02-23 14:44:13.867628+00:00,25.867628,SWWD
2024-02-23 14:20:45+00:00,2024-02-23 14:21:10.838286+00:00,25.838286,SWWD
2024-02-23 13:50:46+00:00,2024-02-23 13:51:11.834629+00:00,25.834629,SCGL
2024-02-23 14:36:56+00:00,2024-02-23 14:37:21.814605+00:00,25.814605,SWWD
2024-02-23 14:36:56+00:00,2024-02-23 14:37:21.814605+00:00,25.814605,SWWD
2024-02-23 14:51:43+00:00,2024-02-23 14:52:08.798945+00:00,25.798945,SWCO
2024-02-23 14:03:13+00:00,2024-02-23 14:03:38.773620+00:00,25.77362,NATX
2024-02-23 14:03:13+00:00,2024-02-23 14:03:38.773620+00:00,25.77362,SWWD
2024-02-23 14:16:43+00:00,2024-02-23 14:17:08.761139+00:00,25.761139,TDTR
2024-02-23 15:01:46+00:00,2024-02-23 15:02:11.760947+00:00,25.760947,SWWD
2024-02-23 13:46:55+00:00,2024-02-23 13:47:20.759876+00:00,25.759876,NATX
2024-02-23 14:45:23+00:00,2024-02-23 14:45:48.754373+00:00,25.754373,TDTR
2024-02-23 14:28:08+00:00,2024-02-23 14:28:33.750647+00:00,25.750647,NATX
2024-02-23 15:00:00+00:00,2024-02-23 15:00:25.746669+00:00,25.746669,NATX
2024-02-23 15:00:00+00:00,2024-02-23 15:00:25.746669+00:00,25.746669,NATX
2024-02-23 14:03:34+00:00,2024-02-23 14:03:59.745031+00:00,25.745031,TDTR
2024-02-23 14:40:49+00:00,2024-02-23 14:41:14.731537+00:00,25.731537,FSRV
2024-02-23 14:40:49+00:00,2024-02-23 14:41:14.731537+00:00,25.731537,TDTR
2024-02-23 14:40:49+00:00,2024-02-23 14:41:14.731537+00:00,25.731537,TDTR
2024-02-23 14:40:49+00:00,2024-02-23 14:41:14.731537+00:00,25.731537,TDTR
2024-02-23 14:24:58+00:00,2024-02-23 14:25:23.726419+00:00,25.726419,TDTR
2024-02-23 14:36:14+00:00,2024-02-23 14:36:39.726081+00:00,25.726081,NATX
2024-02-23 13:50:25+00:00,2024-02-23 13:50:50.724500+00:00,25.7245,SWWD
2024-02-23 13:48:19+00:00,2024-02-23 13:48:44.709101+00:00,25.709101,SWWD
2024-02-23 14:33:04+00:00,2024-02-23 14:33:29.704760+00:00,25.70476,SWWD
2024-02-23 13:51:49+00:00,2024-02-23 13:52:14.681449+00:00,25.681449,SCGL
2024-02-23 14:14:47+00:00,2024-02-23 14:15:12.666147+00:00,25.666147,NATX
2024-02-23 15:01:25+00:00,2024-02-23 15:01:50.655052+00:00,25.655052,SWWD
2024-02-23 14:00:04+00:00,2024-02-23 14:00:29.654369+00:00,25.654369,SCGL
2024-02-23 14:26:33+00:00,2024-02-23 14:26:58.646000+00:00,25.646,FSRV
2024-02-23 13:38:11+00:00,2024-02-23 13:38:36.620384+00:00,25.620384,TDTR
2024-02-23 14:54:22+00:00,2024-02-23 14:54:47.617883+00:00,25.617883,FBRI
2024-02-23 14:01:49+00:00,2024-02-23 14:02:14.617548+00:00,25.617548,NATX
2024-02-23 13:53:13+00:00,2024-02-23 13:53:38.614253+00:00,25.614253,NATX
2024-02-23 13:31:54+00:00,2024-02-23 13:32:19.608194+00:00,25.608194,SCGL
2024-02-23 13:31:54+00:00,2024-02-23 13:32:19.608194+00:00,25.608194,TDTR
2024-02-23 13:31:54+00:00,2024-02-23 13:32:19.608194+00:00,25.608194,SCGL
2024-02-23 13:31:54+00:00,2024-02-23 13:32:19.608194+00:00,25.608194,SCGL
2024-02-23 13:31:54+00:00,2024-02-23 13:32:19.608194+00:00,25.608194,SWWD
2024-02-23 13:52:10+00:00,2024-02-23 13:52:35.606552+00:00,25.606552,SWWD
2024-02-23 14:11:06+00:00,2024-02-23 14:11:31.606331+00:00,25.606331,NATX
2024-02-23 13:58:08+00:00,2024-02-23 13:58:33.602462+00:00,25.602462,NATX
